brand_name,food_category,food_department,food_family,SRP,gross_weight,net_weight,recyclable_package,low_fat,units_per_case
Carrington,Breakfast Foods,Frozen Foods,Food,1.84,19.7,17.7,1,0,17
Golden,Breakfast Foods,Frozen Foods,Food,1.36,7.12,5.11,0,1,29
Imagine,Breakfast Foods,Frozen Foods,Food,1.87,16.7,14.7,1,1,10
Big Time,Breakfast Foods,Frozen Foods,Food,3.24,16.3,14.2,1,0,25
PigTail,Breakfast Foods,Frozen Foods,Food,1.64,14.1,13.1,0,1,25
Fantastic,Bread,Baked Goods,Food,2.99,13.5,11.5,1,0,23
Great,Bread,Baked Goods,Food,3.27,17.4,14.3,1,0,35
Great,Bread,Baked Goods,Food,0.93,13.6,11.6,1,0,30
Sphinx,Bread,Baked Goods,Food,1.32,17.8,15.7,0,0,25
Modell,Bread,Baked Goods,Food,1.56,21.9,19.8,1,1,31
Modell,Bread,Baked Goods,Food,1.26,10.3,9.3,1,1,10
Sphinx,Bread,Baked Goods,Food,2.93,18.9,16.8,1,0,31
Fantastic,Bread,Baked Goods,Food,0.97,9.8,8.8,1,0,18
Colony,Bread,Baked Goods,Food,1.87,12.0,10.0,1,0,26
Great,Bread,Baked Goods,Food,3.74,8.5,7.5,0,1,21
Colony,Bread,Baked Goods,Food,3.27,7.71,5.71,0,0,18
Colony,Bread,Baked Goods,Food,1.42,18.9,16.8,1,0,2
Sphinx,Bread,Baked Goods,Food,1.95,10.1,7.1,1,1,35
Great,Bread,Baked Goods,Food,3.86,6.2,5.19,1,1,11
Modell,Bread,Baked Goods,Food,0.51,11.7,8.69,1,0,6
Sphinx,Bread,Baked Goods,Food,0.53,8.16,6.15,1,1,33
Modell,Bread,Baked Goods,Food,3.93,15.5,13.5,1,1,23
Colony,Bread,Baked Goods,Food,2.18,8.08,5.07,0,1,21
Fantastic,Bread,Baked Goods,Food,1.55,10.6,8.6,0,1,13
Fantastic,Bread,Baked Goods,Food,2.52,21.4,18.3,1,1,4
Blue Label,Canned Shrimp,Canned Foods,Food,2.86,8.86,6.85,0,0,2
Pleasant,Canned Shrimp,Canned Foods,Food,2.77,16.0,14.0,0,1,13
Bravo,Canned Shrimp,Canned Foods,Food,2.17,10.8,7.8,0,0,29
Better,Canned Shrimp,Canned Foods,Food,2.3,8.55,6.55,0,0,29
Just Right,Canned Shrimp,Canned Foods,Food,3.11,13.9,12.8,0,1,3
Plato,Baking Goods,Baking Goods,Food,1.13,7.95,6.94,0,0,5
BBB Best,Baking Goods,Baking Goods,Food,2.97,13.5,11.5,0,1,15
Landslide,Baking Goods,Baking Goods,Food,2.14,15.9,13.8,1,0,3
Super,Baking Goods,Baking Goods,Food,1.81,7.64,5.63,0,1,23
Super,Baking Goods,Baking Goods,Food,1.32,10.9,7.89,0,1,30
Landslide,Baking Goods,Baking Goods,Food,1.23,16.5,14.5,1,1,19
Plato,Baking Goods,Baking Goods,Food,0.77,13.4,10.3,1,1,26
Super,Baking Goods,Baking Goods,Food,2.73,17.5,14.5,1,1,3
CDR,Baking Goods,Baking Goods,Food,2.48,20.4,18.3,1,1,25
BBB Best,Baking Goods,Baking Goods,Food,1.84,15.4,14.3,0,1,13
BBB Best,Baking Goods,Baking Goods,Food,1.35,16.1,14.1,0,0,30
Plato,Baking Goods,Baking Goods,Food,1.49,21.7,19.7,0,1,19
Plato,Baking Goods,Baking Goods,Food,1.3,14.5,12.5,1,0,32
Landslide,Baking Goods,Baking Goods,Food,0.58,7.27,4.26,1,0,4
BBB Best,Baking Goods,Baking Goods,Food,1.54,15.5,13.5,1,1,4
Super,Baking Goods,Baking Goods,Food,2.22,9.24,7.23,0,0,32
CDR,Baking Goods,Baking Goods,Food,3.52,21.4,19.3,1,0,8
CDR,Baking Goods,Baking Goods,Food,1.39,8.7,7.69,0,0,8
CDR,Baking Goods,Baking Goods,Food,2.95,21.2,18.2,1,1,19
Landslide,Baking Goods,Baking Goods,Food,2.36,21.2,20.2,1,0,31
High Top,Vegetables,Produce,Food,2.87,12.6,9.6,1,0,22
Tri-State,Vegetables,Produce,Food,1.16,17.1,15.1,1,0,18
Tri-State,Vegetables,Produce,Food,1.55,14.0,11.0,1,0,25
Tri-State,Vegetables,Produce,Food,1.96,8.17,6.17,0,1,7
Tri-State,Vegetables,Produce,Food,2.62,12.8,11.8,0,1,22
High Top,Vegetables,Produce,Food,0.63,8.85,5.85,1,0,27
High Top,Vegetables,Produce,Food,2.75,19.7,18.7,0,1,2
Hermanos,Vegetables,Produce,Food,1.31,14.6,13.6,1,0,2
Tell Tale,Vegetables,Produce,Food,1.36,13.5,11.5,0,1,19
Ebony,Vegetables,Produce,Food,2.65,10.8,8.8,0,0,21
Ebony,Vegetables,Produce,Food,2.88,16.9,13.8,0,1,14
Tell Tale,Vegetables,Produce,Food,2.19,14.5,12.5,0,1,23
Tell Tale,Vegetables,Produce,Food,3.64,8.35,6.35,0,1,4
Hermanos,Vegetables,Produce,Food,2.18,18.3,17.2,0,0,17
Hermanos,Vegetables,Produce,Food,0.93,18.3,16.2,1,1,30
Hermanos,Vegetables,Produce,Food,3.91,17.2,15.2,1,0,11
Tri-State,Vegetables,Produce,Food,2.5,6.66,4.65,1,0,1
Ebony,Vegetables,Produce,Food,1.2,7.26,6.26,0,1,21
High Top,Vegetables,Produce,Food,1.71,13.4,11.3,1,0,22
Ebony,Vegetables,Produce,Food,0.57,21.7,19.7,1,0,22
Tri-State,Vegetables,Produce,Food,1.34,10.3,8.3,0,0,27
Tri-State,Vegetables,Produce,Food,3.87,9.55,6.55,1,1,29
Hermanos,Vegetables,Produce,Food,1.8,8.22,7.22,0,0,12
Hermanos,Vegetables,Produce,Food,0.92,13.8,12.8,1,1,33
Tell Tale,Vegetables,Produce,Food,0.73,18.7,16.7,0,1,25
Tell Tale,Vegetables,Produce,Food,1.81,20.9,17.8,1,1,35
Tell Tale,Vegetables,Produce,Food,2.96,13.9,11.8,1,0,28
Tell Tale,Vegetables,Produce,Food,1.77,20.3,19.2,0,0,12
High Top,Vegetables,Produce,Food,2.27,12.1,10.1,1,0,29
Tri-State,Vegetables,Produce,Food,2.61,17.6,15.6,1,0,32
Ebony,Vegetables,Produce,Food,2.84,20.8,18.7,1,0,30
Hermanos,Vegetables,Produce,Food,2.4,7.06,5.05,1,0,29
Tri-State,Vegetables,Produce,Food,3.17,7.66,5.65,1,0,25
High Top,Vegetables,Produce,Food,0.69,12.3,11.3,0,0,17
Hermanos,Vegetables,Produce,Food,3.36,18.7,15.7,1,1,33
Ebony,Vegetables,Produce,Food,2.83,20.0,18.0,1,1,31
Tri-State,Vegetables,Produce,Food,0.81,6.63,5.63,1,0,21
High Top,Vegetables,Produce,Food,1.66,10.5,8.5,0,0,19
Tri-State,Vegetables,Produce,Food,0.55,19.2,17.2,0,0,16
Hermanos,Vegetables,Produce,Food,2.89,8.68,6.68,0,0,36
Hermanos,Vegetables,Produce,Food,3.27,16.1,14.1,1,0,31
Hermanos,Vegetables,Produce,Food,2.82,9.75,7.75,1,1,4
Ebony,Vegetables,Produce,Food,2.21,7.48,4.48,0,0,6
High Top,Vegetables,Produce,Food,1.84,9.05,6.05,0,1,11
Tell Tale,Vegetables,Produce,Food,2.55,11.9,10.8,1,1,28
High Top,Vegetables,Produce,Food,3.74,18.7,17.7,1,1,29
Ebony,Vegetables,Produce,Food,2.71,14.6,11.6,0,1,6
Ebony,Vegetables,Produce,Food,3.34,20.9,18.8,1,0,28
Tell Tale,Vegetables,Produce,Food,1.17,9.22,6.22,1,0,8
High Top,Vegetables,Produce,Food,3.85,6.82,4.82,1,1,16
Hermanos,Vegetables,Produce,Food,2.84,13.7,10.6,0,1,11
Tri-State,Vegetables,Produce,Food,3.42,20.6,19.6,1,1,36
High Top,Vegetables,Produce,Food,2.58,14.7,11.6,1,1,14
Tell Tale,Vegetables,Produce,Food,2.41,16.4,13.3,1,1,12
Tri-State,Vegetables,Produce,Food,2.43,18.8,17.7,1,0,21
Ebony,Vegetables,Produce,Food,0.96,21.6,20.6,0,1,12
Tell Tale,Vegetables,Produce,Food,3.51,19.6,18.6,1,0,14
Tri-State,Vegetables,Produce,Food,3.58,19.9,18.8,0,1,4
Tri-State,Vegetables,Produce,Food,2.53,15.9,13.8,1,0,33
Hermanos,Vegetables,Produce,Food,2.63,16.2,14.2,0,1,30
High Top,Vegetables,Produce,Food,3.4,20.0,18.0,1,1,22
High Top,Vegetables,Produce,Food,3.45,8.51,6.51,1,0,4
High Top,Vegetables,Produce,Food,1.33,19.5,16.5,1,1,25
Tri-State,Vegetables,Produce,Food,1.71,16.1,15.1,0,0,21
Tri-State,Vegetables,Produce,Food,0.74,15.2,14.1,1,0,30
Ebony,Vegetables,Produce,Food,2.6,8.1,6.1,1,0,32
Tri-State,Vegetables,Produce,Food,2.8,12.7,10.6,0,0,19
Ebony,Vegetables,Produce,Food,3.51,21.4,19.3,0,1,18
Tri-State,Vegetables,Produce,Food,0.67,17.5,14.5,0,0,30
Hermanos,Vegetables,Produce,Food,1.73,15.2,12.1,0,1,32
Hermanos,Vegetables,Produce,Food,3.86,17.3,16.2,0,0,34
High Top,Vegetables,Produce,Food,2.23,18.7,17.7,0,0,20
Hermanos,Vegetables,Produce,Food,1.74,11.3,8.3,0,1,30
Ebony,Vegetables,Produce,Food,2.97,17.4,15.3,1,0,26
High Top,Vegetables,Produce,Food,1.52,10.7,7.69,0,1,4
Ebony,Vegetables,Produce,Food,1.39,19.4,17.3,1,0,6
Tell Tale,Vegetables,Produce,Food,1.45,17.1,15.1,1,1,13
Tell Tale,Vegetables,Produce,Food,2.6,9.09,6.09,0,1,5
Ebony,Vegetables,Produce,Food,1.32,6.29,5.28,1,1,28
Ebony,Vegetables,Produce,Food,2.17,15.6,14.6,0,1,21
Tri-State,Vegetables,Produce,Food,1.57,21.4,20.3,0,0,12
High Top,Vegetables,Produce,Food,1.43,21.9,20.8,0,0,13
Hermanos,Vegetables,Produce,Food,3.74,13.1,12.1,0,1,21
Tell Tale,Vegetables,Produce,Food,1.86,21.2,20.2,0,1,31
Ebony,Vegetables,Produce,Food,1.45,14.3,11.3,1,0,30
Ebony,Vegetables,Produce,Food,2.99,12.4,10.3,1,1,30
Tell Tale,Vegetables,Produce,Food,1.87,14.7,13.6,1,0,10
Hermanos,Vegetables,Produce,Food,2.81,10.7,8.69,0,0,9
Tell Tale,Vegetables,Produce,Food,2.66,17.0,14.0,0,1,11
Tell Tale,Vegetables,Produce,Food,1.93,9.02,6.02,1,0,27
Tell Tale,Vegetables,Produce,Food,1.14,14.8,12.8,1,1,18
Tri-State,Vegetables,Produce,Food,3.64,12.0,10.0,1,1,11
High Top,Vegetables,Produce,Food,2.41,7.06,5.05,1,0,22
Tell Tale,Vegetables,Produce,Food,2.64,7.43,5.42,1,0,23
Tri-State,Vegetables,Produce,Food,2.93,11.9,9.89,1,0,15
Tri-State,Vegetables,Produce,Food,0.78,17.9,14.8,1,0,15
Hermanos,Vegetables,Produce,Food,1.37,8.33,6.32,0,0,1
Hermanos,Vegetables,Produce,Food,1.5,9.99,7.98,0,0,11
Hermanos,Vegetables,Produce,Food,2.37,14.1,13.1,0,1,22
High Top,Vegetables,Produce,Food,2.95,18.7,17.7,0,0,30
Hermanos,Vegetables,Produce,Food,1.83,9.71,8.71,1,0,6
Ebony,Vegetables,Produce,Food,1.73,18.7,16.7,0,0,3
Ebony,Vegetables,Produce,Food,3.26,11.5,9.5,1,1,16
Tell Tale,Vegetables,Produce,Food,3.17,20.1,18.1,1,0,24
Hermanos,Vegetables,Produce,Food,2.72,17.2,16.2,0,1,28
High Top,Vegetables,Produce,Food,3.32,16.1,14.1,0,1,3
Ebony,Vegetables,Produce,Food,1.41,21.1,20.1,0,0,33
High Top,Vegetables,Produce,Food,0.93,16.1,14.1,0,1,23
Tell Tale,Vegetables,Produce,Food,1.94,13.0,10.0,1,0,3
High Top,Vegetables,Produce,Food,1.24,13.5,11.5,1,1,7
Tell Tale,Vegetables,Produce,Food,1.65,13.4,11.3,0,1,24
High Top,Vegetables,Produce,Food,1.32,14.8,13.8,0,1,15
Tell Tale,Vegetables,Produce,Food,0.84,11.2,10.1,0,0,31
High Top,Vegetables,Produce,Food,0.57,9.3,7.3,1,0,24
Ebony,Vegetables,Produce,Food,1.22,18.7,16.7,1,1,4
Tri-State,Vegetables,Produce,Food,2.21,19.6,18.6,1,1,33
Ebony,Vegetables,Produce,Food,2.19,7.96,4.96,1,1,8
Tell Tale,Vegetables,Produce,Food,2.59,9.77,7.77,1,1,20
Hermanos,Vegetables,Produce,Food,2.23,8.02,6.02,1,0,1
Ebony,Vegetables,Produce,Food,2.85,12.0,11.0,0,0,26
PigTail,Frozen Desserts,Frozen Foods,Food,1.32,17.0,15.0,0,1,14
Carrington,Frozen Desserts,Frozen Foods,Food,0.69,14.7,12.6,1,0,14
PigTail,Frozen Desserts,Frozen Foods,Food,1.28,15.3,13.3,1,0,8
Big Time,Frozen Desserts,Frozen Foods,Food,3.13,10.4,7.39,1,0,13
Imagine,Frozen Desserts,Frozen Foods,Food,0.88,12.2,9.19,0,0,30
Golden,Frozen Desserts,Frozen Foods,Food,1.13,9.35,7.35,0,1,35
Golden,Frozen Desserts,Frozen Foods,Food,3.88,18.0,17.0,1,0,11
Carrington,Frozen Desserts,Frozen Foods,Food,2.9,12.5,10.5,0,1,11
PigTail,Frozen Desserts,Frozen Foods,Food,1.22,12.6,10.6,0,1,23
Carrington,Frozen Desserts,Frozen Foods,Food,1.81,11.5,9.5,1,0,6
Imagine,Frozen Desserts,Frozen Foods,Food,2.94,19.3,17.2,0,0,34
Golden,Frozen Desserts,Frozen Foods,Food,1.95,9.49,8.48,1,1,6
Big Time,Frozen Desserts,Frozen Foods,Food,0.51,8.25,7.25,1,1,33
Imagine,Frozen Desserts,Frozen Foods,Food,2.83,20.2,18.2,0,1,27
Carrington,Frozen Desserts,Frozen Foods,Food,1.67,20.2,18.2,0,0,21
Golden,Frozen Desserts,Frozen Foods,Food,2.45,18.2,17.2,0,1,16
Imagine,Frozen Desserts,Frozen Foods,Food,0.63,19.1,16.1,0,0,10
Big Time,Frozen Desserts,Frozen Foods,Food,1.47,17.2,15.2,0,1,5
Big Time,Frozen Desserts,Frozen Foods,Food,2.25,18.4,17.3,1,0,28
PigTail,Frozen Desserts,Frozen Foods,Food,0.74,16.5,14.5,0,1,5
Thresher,Candy,Snacks,Food,1.87,18.8,17.7,1,0,4
Gulf Coast,Candy,Snacks,Food,1.59,21.8,19.7,1,0,10
Musial,Candy,Snacks,Food,3.43,16.0,14.0,0,0,13
Atomic,Candy,Snacks,Food,0.66,17.9,15.8,1,1,9
Thresher,Candy,Snacks,Food,1.58,10.3,8.3,1,0,7
Atomic,Candy,Snacks,Food,0.9,10.9,9.89,1,0,9
Atomic,Candy,Snacks,Food,2.35,15.9,13.8,1,1,35
Atomic,Candy,Snacks,Food,1.25,10.4,8.39,0,0,31
Gulf Coast,Candy,Snacks,Food,2.94,21.9,19.8,1,0,22
Choice,Candy,Snacks,Food,0.56,11.6,8.6,0,1,33
Thresher,Candy,Snacks,Food,1.71,20.9,17.8,0,1,23
Choice,Candy,Snacks,Food,0.64,8.65,6.64,0,1,34
Gulf Coast,Candy,Snacks,Food,2.75,14.7,11.6,0,0,3
Musial,Candy,Snacks,Food,0.98,13.5,12.5,0,1,9
Gulf Coast,Candy,Snacks,Food,2.98,19.3,17.2,1,0,24
Musial,Candy,Snacks,Food,0.89,13.8,10.8,0,1,22
Choice,Candy,Snacks,Food,1.84,21.9,18.8,0,0,16
Thresher,Candy,Snacks,Food,2.49,11.5,9.5,1,1,26
Musial,Candy,Snacks,Food,2.1,19.7,16.7,1,0,33
Atomic,Candy,Snacks,Food,1.78,13.9,10.8,0,0,20
Choice,Candy,Snacks,Food,2.65,21.7,20.7,1,0,28
Thresher,Candy,Snacks,Food,3.44,17.5,16.5,1,1,26
Choice,Candy,Snacks,Food,0.89,18.2,15.2,0,1,34
Musial,Candy,Snacks,Food,2.81,19.6,17.6,0,0,3
Gulf Coast,Candy,Snacks,Food,2.81,7.11,6.11,1,1,3
Fort West,Snack Foods,Snack Foods,Food,1.39,7.18,6.17,0,0,14
Nationeel,Snack Foods,Snack Foods,Food,2.12,17.0,15.0,1,0,15
Horatio,Snack Foods,Snack Foods,Food,1.54,7.71,6.71,1,1,25
Horatio,Snack Foods,Snack Foods,Food,2.84,11.1,8.1,0,1,22
Nationeel,Snack Foods,Snack Foods,Food,3.58,14.4,12.3,1,0,5
Fort West,Snack Foods,Snack Foods,Food,1.68,18.4,15.3,0,1,17
Horatio,Snack Foods,Snack Foods,Food,1.79,18.6,16.6,1,1,27
Best Choice,Snack Foods,Snack Foods,Food,1.49,9.9,6.89,0,0,19
Best Choice,Snack Foods,Snack Foods,Food,2.44,18.6,16.6,0,0,14
Best Choice,Snack Foods,Snack Foods,Food,3.21,18.8,17.7,1,0,22
Best Choice,Snack Foods,Snack Foods,Food,1.78,13.0,10.0,0,0,17
Fast,Snack Foods,Snack Foods,Food,0.8,15.0,13.0,0,1,21
Fort West,Snack Foods,Snack Foods,Food,2.3,8.32,6.31,0,0,23
Fast,Snack Foods,Snack Foods,Food,3.14,13.1,12.1,1,0,34
Horatio,Snack Foods,Snack Foods,Food,1.68,9.01,6.01,1,0,32
Fast,Snack Foods,Snack Foods,Food,3.78,19.9,17.8,0,1,20
Fort West,Snack Foods,Snack Foods,Food,3.48,15.3,12.3,1,1,12
Horatio,Snack Foods,Snack Foods,Food,1.35,16.4,14.3,1,0,6
Horatio,Snack Foods,Snack Foods,Food,1.77,20.9,19.8,1,0,15
Horatio,Snack Foods,Snack Foods,Food,1.4,7.87,6.86,0,0,27
Fort West,Snack Foods,Snack Foods,Food,1.52,12.4,10.3,1,1,23
Fort West,Snack Foods,Snack Foods,Food,2.41,9.79,8.78,1,1,19
Horatio,Snack Foods,Snack Foods,Food,0.76,12.4,10.3,0,0,8
Nationeel,Snack Foods,Snack Foods,Food,2.54,17.1,14.1,1,1,9
Nationeel,Snack Foods,Snack Foods,Food,2.52,19.2,16.2,0,0,9
Best Choice,Snack Foods,Snack Foods,Food,1.59,20.0,18.0,0,0,28
Nationeel,Snack Foods,Snack Foods,Food,2.79,9.63,7.63,1,0,22
Nationeel,Snack Foods,Snack Foods,Food,1.97,20.0,18.0,1,0,9
Fast,Snack Foods,Snack Foods,Food,1.2,15.0,12.0,0,1,5
Horatio,Snack Foods,Snack Foods,Food,2.2,17.9,15.8,1,0,8
Nationeel,Snack Foods,Snack Foods,Food,1.88,12.3,11.3,1,1,23
Best Choice,Snack Foods,Snack Foods,Food,0.86,14.7,12.6,1,1,26
Fast,Snack Foods,Snack Foods,Food,0.77,15.7,13.6,1,1,9
Fast,Snack Foods,Snack Foods,Food,2.88,19.3,18.2,1,0,18
Best Choice,Snack Foods,Snack Foods,Food,2.11,6.6,3.59,1,1,6
Best Choice,Snack Foods,Snack Foods,Food,2.7,7.29,4.28,1,1,22
Fort West,Snack Foods,Snack Foods,Food,3.96,6.78,4.78,0,1,13
Nationeel,Snack Foods,Snack Foods,Food,2.35,13.4,12.3,0,0,17
Fast,Snack Foods,Snack Foods,Food,1.36,18.4,15.3,0,0,18
Fast,Snack Foods,Snack Foods,Food,0.59,17.8,15.7,0,0,21
Fast,Snack Foods,Snack Foods,Food,3.25,11.3,8.3,1,0,24
Nationeel,Snack Foods,Snack Foods,Food,3.46,11.2,10.1,0,1,26
Best Choice,Snack Foods,Snack Foods,Food,2.59,13.4,12.3,0,0,18
Fort West,Snack Foods,Snack Foods,Food,3.29,12.1,10.1,0,0,16
Fort West,Snack Foods,Snack Foods,Food,2.47,20.1,19.1,0,0,34
Gorilla,Dairy,Dairy,Food,3.29,8.86,6.85,1,1,5
Carlson,Dairy,Dairy,Food,3.75,19.3,16.2,0,0,30
Even Better,Dairy,Dairy,Food,0.72,12.0,9.0,1,1,12
Carlson,Dairy,Dairy,Food,1.13,14.1,12.1,1,0,15
Gorilla,Dairy,Dairy,Food,3.18,21.1,20.1,1,1,30
Club,Dairy,Dairy,Food,3.44,14.4,12.3,1,0,19
Booker,Dairy,Dairy,Food,2.51,14.1,12.1,1,0,15
Gorilla,Dairy,Dairy,Food,3.59,13.1,10.1,1,1,24
Gorilla,Dairy,Dairy,Food,2.74,18.2,17.2,0,0,13
Booker,Dairy,Dairy,Food,1.45,17.3,15.2,1,0,19
Even Better,Dairy,Dairy,Food,1.79,8.89,6.89,0,0,7
Booker,Dairy,Dairy,Food,0.94,8.42,5.42,1,0,25
Gorilla,Dairy,Dairy,Food,2.93,20.8,19.7,1,1,29
Gorilla,Dairy,Dairy,Food,1.8,19.4,18.3,1,1,3
Carlson,Dairy,Dairy,Food,1.31,9.8,6.8,1,1,20
Carlson,Dairy,Dairy,Food,1.82,8.71,6.71,1,1,22
Gorilla,Dairy,Dairy,Food,3.93,21.9,18.8,1,0,27
Club,Dairy,Dairy,Food,3.38,17.0,15.0,0,0,30
Club,Dairy,Dairy,Food,2.57,17.8,15.7,1,0,21
Booker,Dairy,Dairy,Food,1.34,6.3,5.3,1,0,22
Even Better,Dairy,Dairy,Food,3.61,6.94,3.94,1,0,11
Even Better,Dairy,Dairy,Food,3.12,7.91,6.9,1,0,13
Club,Dairy,Dairy,Food,2.17,14.5,13.5,1,1,27
Booker,Dairy,Dairy,Food,1.85,14.8,13.8,1,0,19
Even Better,Dairy,Dairy,Food,0.81,6.33,4.32,1,1,20
Even Better,Dairy,Dairy,Food,2.59,18.6,16.6,0,0,15
Club,Dairy,Dairy,Food,2.93,9.58,7.57,0,1,15
Booker,Dairy,Dairy,Food,1.66,21.6,18.6,1,0,30
Carlson,Dairy,Dairy,Food,3.96,11.9,9.89,1,0,29
Even Better,Dairy,Dairy,Food,3.5,14.6,12.6,0,1,21
Gorilla,Dairy,Dairy,Food,3.34,13.3,10.3,1,1,20
Even Better,Dairy,Dairy,Food,3.25,17.2,16.2,1,0,15
Carlson,Dairy,Dairy,Food,2.2,17.1,15.1,0,0,7
Booker,Dairy,Dairy,Food,0.68,12.2,10.1,0,0,6
Club,Dairy,Dairy,Food,3.95,9.95,7.94,0,1,36
Carlson,Dairy,Dairy,Food,1.8,12.2,9.19,1,1,17
Club,Dairy,Dairy,Food,1.47,8.41,5.4,0,1,9
Club,Dairy,Dairy,Food,3.61,18.8,16.7,1,1,18
Carlson,Dairy,Dairy,Food,3.97,10.8,9.8,0,0,26
Even Better,Dairy,Dairy,Food,0.84,13.1,10.1,1,0,18
Booker,Dairy,Dairy,Food,1.85,11.9,9.89,1,1,10
Booker,Dairy,Dairy,Food,2.76,13.8,11.8,1,1,16
Club,Dairy,Dairy,Food,1.88,6.31,3.3,1,1,17
Gorilla,Dairy,Dairy,Food,1.79,18.2,15.2,1,1,14
Carlson,Dairy,Dairy,Food,1.32,20.9,18.8,1,0,16
Shady Lake,Starchy Foods,Starchy Foods,Food,0.7,18.6,16.6,1,1,11
Monarch,Starchy Foods,Starchy Foods,Food,1.8,13.2,11.1,0,0,24
Discover,Starchy Foods,Starchy Foods,Food,2.47,19.3,17.2,0,0,9
Discover,Starchy Foods,Starchy Foods,Food,2.73,14.5,13.5,1,0,27
Colossal,Starchy Foods,Starchy Foods,Food,1.46,15.0,12.0,1,1,31
Colossal,Starchy Foods,Starchy Foods,Food,3.94,14.3,11.3,1,0,3
Shady Lake,Starchy Foods,Starchy Foods,Food,2.81,11.0,8.0,1,1,26
Monarch,Starchy Foods,Starchy Foods,Food,3.11,8.44,6.43,0,0,7
Medalist,Starchy Foods,Starchy Foods,Food,2.78,18.7,16.7,1,1,24
Medalist,Starchy Foods,Starchy Foods,Food,3.61,10.7,9.69,1,1,6
Jardon,Starchy Foods,Starchy Foods,Food,0.58,17.4,14.3,0,0,32
Jardon,Starchy Foods,Starchy Foods,Food,1.9,13.5,11.5,1,0,33
Cormorant,Cleaning Supplies,Household,Non-Consumable,3.89,6.21,4.21,1,0,17
Sunset,Cleaning Supplies,Household,Non-Consumable,2.44,15.7,13.6,1,0,11
Red Wing,Cleaning Supplies,Household,Non-Consumable,2.95,15.2,13.1,0,0,35
High Quality,Cleaning Supplies,Household,Non-Consumable,2.38,7.97,5.96,1,0,21
Denny,Cleaning Supplies,Household,Non-Consumable,1.96,16.8,13.7,1,0,16
Faux Products,Decongestants,Health and Hygiene,Non-Consumable,1.61,20.8,19.7,1,0,22
Steady,Decongestants,Health and Hygiene,Non-Consumable,1.93,19.5,16.5,1,0,35
Consolidated,Decongestants,Health and Hygiene,Non-Consumable,2.2,9.19,6.18,1,0,6
Bird Call,Decongestants,Health and Hygiene,Non-Consumable,0.54,17.3,16.2,1,0,15
Consolidated,Decongestants,Health and Hygiene,Non-Consumable,2.67,12.8,10.8,1,0,16
Steady,Decongestants,Health and Hygiene,Non-Consumable,1.97,19.9,17.8,0,0,14
Faux Products,Decongestants,Health and Hygiene,Non-Consumable,1.74,16.7,13.7,1,0,10
Bird Call,Decongestants,Health and Hygiene,Non-Consumable,1.88,20.9,18.8,1,0,25
Hilltop,Decongestants,Health and Hygiene,Non-Consumable,1.68,21.5,18.5,1,0,22
Hilltop,Decongestants,Health and Hygiene,Non-Consumable,2.13,21.1,19.1,1,0,25
Ship Shape,Meat,Meat,Food,1.75,8.26,6.26,0,0,31
Footnote,Meat,Meat,Food,0.97,13.2,11.1,0,0,25
Genteel,Meat,Meat,Food,1.15,11.1,9.1,1,0,15
Footnote,Meat,Meat,Food,1.49,13.0,11.0,0,1,32
Quick,Meat,Meat,Food,3.64,15.6,14.6,1,0,22
Genteel,Meat,Meat,Food,1.9,11.3,8.3,1,0,34
Gerolli,Meat,Meat,Food,3.38,13.8,11.8,1,1,4
Quick,Meat,Meat,Food,2.61,20.9,17.8,1,0,6
Gerolli,Meat,Meat,Food,1.34,19.5,17.5,1,0,26
Ship Shape,Meat,Meat,Food,2.97,13.4,11.3,1,1,27
Super,Hot Beverages,Beverages,Drink,1.7,6.09,3.09,1,0,14
BBB Best,Hot Beverages,Beverages,Drink,2.57,15.2,13.1,1,0,6
Plato,Hot Beverages,Beverages,Drink,2.81,6.23,5.23,1,0,31
CDR,Hot Beverages,Beverages,Drink,2.29,9.52,7.52,0,0,31
Plato,Hot Beverages,Beverages,Drink,2.19,6.78,4.78,0,0,33
BBB Best,Hot Beverages,Beverages,Drink,2.87,17.1,15.1,0,0,34
BBB Best,Hot Beverages,Beverages,Drink,1.12,17.2,15.2,0,0,16
Super,Hot Beverages,Beverages,Drink,2.86,18.9,16.8,0,0,33
Super,Hot Beverages,Beverages,Drink,0.5,11.0,8.0,1,0,36
Landslide,Hot Beverages,Beverages,Drink,2.78,13.3,10.3,0,0,26
Plato,Hot Beverages,Beverages,Drink,2.96,9.43,7.43,1,0,32
Landslide,Hot Beverages,Beverages,Drink,2.31,18.9,16.8,1,0,3
CDR,Hot Beverages,Beverages,Drink,2.73,16.7,14.7,1,0,14
Plato,Hot Beverages,Beverages,Drink,0.56,16.7,13.7,0,0,33
CDR,Hot Beverages,Beverages,Drink,3.4,10.4,8.39,0,0,12
Landslide,Hot Beverages,Beverages,Drink,2.32,9.79,7.78,1,0,21
Super,Hot Beverages,Beverages,Drink,1.37,7.96,5.96,0,0,16
Landslide,Hot Beverages,Beverages,Drink,2.13,14.9,12.8,0,0,9
CDR,Hot Beverages,Beverages,Drink,3.58,11.3,10.3,1,0,35
BBB Best,Hot Beverages,Beverages,Drink,1.44,16.2,14.2,0,0,18
Even Better,Dairy,Dairy,Drink,1.15,21.7,19.7,0,0,35
Gorilla,Dairy,Dairy,Drink,3.69,14.3,13.3,1,0,3
Even Better,Dairy,Dairy,Drink,1.25,8.02,6.02,0,0,20
Gorilla,Dairy,Dairy,Drink,1.47,13.4,10.3,1,0,3
Even Better,Dairy,Dairy,Drink,3.29,21.8,18.7,1,0,23
Club,Dairy,Dairy,Drink,0.61,20.1,18.1,0,0,33
Booker,Dairy,Dairy,Drink,1.32,18.6,16.6,1,0,28
Club,Dairy,Dairy,Drink,0.71,20.6,18.6,1,0,21
Carlson,Dairy,Dairy,Drink,3.49,11.6,9.6,1,0,27
Club,Dairy,Dairy,Drink,2.31,15.5,13.5,0,0,18
Booker,Dairy,Dairy,Drink,3.46,15.1,13.1,1,0,13
Club,Dairy,Dairy,Drink,1.4,18.8,15.7,0,0,1
Carlson,Dairy,Dairy,Drink,2.3,19.4,17.3,0,0,31
Carlson,Dairy,Dairy,Drink,0.66,9.78,7.77,1,0,13
Gorilla,Dairy,Dairy,Drink,1.49,20.3,17.2,1,0,31
Club,Dairy,Dairy,Drink,2.66,7.03,5.03,0,0,2
Booker,Dairy,Dairy,Drink,2.58,18.3,16.2,0,0,14
Even Better,Dairy,Dairy,Drink,0.85,14.8,12.8,1,0,6
Booker,Dairy,Dairy,Drink,0.57,16.3,15.2,0,0,27
Carlson,Dairy,Dairy,Drink,1.14,14.4,12.3,0,0,13
Gorilla,Dairy,Dairy,Drink,0.61,10.4,7.39,1,0,14
Gorilla,Dairy,Dairy,Drink,2.3,9.43,8.43,1,0,20
Booker,Dairy,Dairy,Drink,2.47,13.1,11.1,0,0,29
Carlson,Dairy,Dairy,Drink,0.92,6.63,5.63,1,0,35
Even Better,Dairy,Dairy,Drink,0.79,15.7,12.6,0,0,6
Super,Jams and Jellies,Baking Goods,Food,0.53,10.8,8.8,0,1,22
Landslide,Jams and Jellies,Baking Goods,Food,2.65,11.3,9.3,0,0,20
Plato,Jams and Jellies,Baking Goods,Food,0.73,20.9,17.8,0,1,23
BBB Best,Jams and Jellies,Baking Goods,Food,2.8,7.54,4.53,0,1,6
Super,Jams and Jellies,Baking Goods,Food,2.18,8.82,7.81,0,1,24
CDR,Jams and Jellies,Baking Goods,Food,0.67,21.0,19.0,1,0,1
CDR,Jams and Jellies,Baking Goods,Food,1.2,15.4,13.3,1,0,15
Super,Jams and Jellies,Baking Goods,Food,0.76,10.8,8.8,1,1,29
BBB Best,Jams and Jellies,Baking Goods,Food,1.65,9.38,7.38,1,1,33
Super,Jams and Jellies,Baking Goods,Food,3.12,9.4,8.39,1,1,21
CDR,Jams and Jellies,Baking Goods,Food,1.46,17.0,16.0,1,1,34
Landslide,Jams and Jellies,Baking Goods,Food,1.39,9.36,7.35,1,0,22
Plato,Jams and Jellies,Baking Goods,Food,2.75,9.02,6.02,0,1,32
Plato,Jams and Jellies,Baking Goods,Food,3.33,12.6,11.6,1,0,25
Landslide,Jams and Jellies,Baking Goods,Food,2.27,7.14,5.13,1,1,24
Plato,Jams and Jellies,Baking Goods,Food,1.54,14.5,13.5,1,0,15
Landslide,Jams and Jellies,Baking Goods,Food,2.38,11.6,10.6,1,0,12
BBB Best,Jams and Jellies,Baking Goods,Food,0.56,8.86,6.85,1,1,25
BBB Best,Jams and Jellies,Baking Goods,Food,3.61,21.8,18.7,1,1,25
CDR,Jams and Jellies,Baking Goods,Food,1.81,7.7,4.69,0,1,17
BBB Best,Jams and Jellies,Baking Goods,Food,2.59,13.2,10.1,0,1,30
Plato,Jams and Jellies,Baking Goods,Food,2.28,12.7,10.6,1,0,6
Landslide,Jams and Jellies,Baking Goods,Food,2.25,6.14,5.13,0,0,3
Super,Jams and Jellies,Baking Goods,Food,1.68,16.6,14.6,0,0,27
CDR,Jams and Jellies,Baking Goods,Food,1.62,21.0,20.0,0,0,7
Excellent,Carbonated Beverages,Beverages,Drink,2.18,13.1,11.1,1,0,22
Fabulous,Carbonated Beverages,Beverages,Drink,2.47,18.6,16.6,1,0,1
Excellent,Carbonated Beverages,Beverages,Drink,0.96,15.5,14.5,0,0,29
Excellent,Carbonated Beverages,Beverages,Drink,1.31,7.28,5.28,1,0,22
Token,Carbonated Beverages,Beverages,Drink,1.7,7.64,4.63,1,0,31
Skinner,Carbonated Beverages,Beverages,Drink,3.67,8.31,7.31,1,0,7
Skinner,Carbonated Beverages,Beverages,Drink,1.24,20.7,18.7,1,0,14
Washington,Carbonated Beverages,Beverages,Drink,1.15,15.8,13.8,0,0,14
Excellent,Carbonated Beverages,Beverages,Drink,2.47,17.8,16.7,1,0,8
Token,Carbonated Beverages,Beverages,Drink,0.55,10.0,8.0,0,0,10
Fabulous,Carbonated Beverages,Beverages,Drink,0.88,16.4,15.3,1,0,17
Skinner,Carbonated Beverages,Beverages,Drink,1.71,8.77,5.77,1,0,27
Washington,Carbonated Beverages,Beverages,Drink,2.19,6.66,4.65,1,0,7
Fabulous,Carbonated Beverages,Beverages,Drink,2.28,12.3,9.3,0,0,5
Token,Carbonated Beverages,Beverages,Drink,1.29,6.73,4.73,0,0,9
Token,Carbonated Beverages,Beverages,Drink,1.4,16.4,14.3,1,0,12
Washington,Carbonated Beverages,Beverages,Drink,2.61,18.0,17.0,1,0,11
Skinner,Carbonated Beverages,Beverages,Drink,1.22,15.2,13.1,1,0,29
Washington,Carbonated Beverages,Beverages,Drink,3.64,10.6,9.6,1,0,26
Fabulous,Carbonated Beverages,Beverages,Drink,2.34,17.7,14.7,0,0,13
Dual City,Seafood,Seafood,Food,0.52,18.8,16.7,1,0,33
Kiwi,Seafood,Seafood,Food,2.25,18.4,16.3,1,1,31
Tip Top,Seafood,Seafood,Food,0.79,14.1,11.1,1,0,10
Amigo,Seafood,Seafood,Food,2.96,21.4,18.3,1,0,23
Curlew,Seafood,Seafood,Food,1.62,8.97,6.97,0,0,19
CDR,Baking Goods,Baking Goods,Food,0.95,8.22,6.22,1,1,19
BBB Best,Baking Goods,Baking Goods,Food,0.73,8.09,6.09,1,0,30
Super,Baking Goods,Baking Goods,Food,1.6,10.6,8.6,0,0,5
Plato,Baking Goods,Baking Goods,Food,3.71,11.8,10.8,0,0,28
Landslide,Baking Goods,Baking Goods,Food,1.25,9.48,6.47,0,0,27
Colossal,Starchy Foods,Starchy Foods,Food,2.56,8.6,6.6,0,1,10
Shady Lake,Starchy Foods,Starchy Foods,Food,3.39,19.7,18.7,1,1,9
Monarch,Starchy Foods,Starchy Foods,Food,2.9,8.2,5.19,1,0,18
Jardon,Starchy Foods,Starchy Foods,Food,0.54,13.7,10.6,1,0,28
Medalist,Starchy Foods,Starchy Foods,Food,3.8,13.9,11.8,1,0,1
Medalist,Starchy Foods,Starchy Foods,Food,3.38,17.5,14.5,1,0,5
Shady Lake,Starchy Foods,Starchy Foods,Food,2.67,19.0,17.0,1,0,29
Discover,Starchy Foods,Starchy Foods,Food,1.61,16.0,14.0,1,0,7
Medalist,Starchy Foods,Starchy Foods,Food,1.34,21.0,20.0,1,0,31
Discover,Starchy Foods,Starchy Foods,Food,0.88,8.06,6.06,0,1,5
Jardon,Starchy Foods,Starchy Foods,Food,0.96,17.7,15.7,1,1,9
Monarch,Starchy Foods,Starchy Foods,Food,2.6,13.0,10.0,0,0,22
Jardon,Starchy Foods,Starchy Foods,Food,1.2,11.5,9.5,1,1,22
Colossal,Starchy Foods,Starchy Foods,Food,3.37,21.9,19.8,1,0,12
Colossal,Starchy Foods,Starchy Foods,Food,1.87,14.7,13.6,1,0,23
Discover,Starchy Foods,Starchy Foods,Food,2.61,21.7,20.7,1,1,6
Monarch,Starchy Foods,Starchy Foods,Food,1.38,13.3,11.3,1,1,35
Shady Lake,Starchy Foods,Starchy Foods,Food,2.51,8.94,5.93,0,0,11
Horatio,Snack Foods,Snack Foods,Food,2.76,11.0,8.0,1,1,1
Nationeel,Snack Foods,Snack Foods,Food,1.42,7.31,5.3,1,1,8
Nationeel,Snack Foods,Snack Foods,Food,2.26,13.9,12.8,0,0,23
Best Choice,Snack Foods,Snack Foods,Food,0.68,16.0,14.0,1,0,21
Fast,Snack Foods,Snack Foods,Food,2.84,7.92,6.92,1,1,4
Horatio,Snack Foods,Snack Foods,Food,3.9,10.6,8.6,1,0,17
Nationeel,Snack Foods,Snack Foods,Food,2.94,8.24,6.23,1,0,22
Fort West,Snack Foods,Snack Foods,Food,2.58,17.1,14.1,0,1,26
Best Choice,Snack Foods,Snack Foods,Food,3.95,15.0,12.0,0,1,29
Best Choice,Snack Foods,Snack Foods,Food,1.73,8.24,6.23,0,0,32
Fast,Snack Foods,Snack Foods,Food,3.87,21.7,18.7,1,0,15
Fort West,Snack Foods,Snack Foods,Food,2.2,8.28,6.27,1,0,17
Fast,Snack Foods,Snack Foods,Food,0.93,20.9,18.8,1,1,13
Best Choice,Snack Foods,Snack Foods,Food,3.19,20.3,19.2,1,0,36
Fast,Snack Foods,Snack Foods,Food,2.42,20.1,17.1,0,0,12
Fast,Snack Foods,Snack Foods,Food,1.91,7.41,5.4,0,0,24
Nationeel,Snack Foods,Snack Foods,Food,1.65,8.31,6.31,0,0,31
Best Choice,Snack Foods,Snack Foods,Food,3.66,15.2,13.1,0,0,36
Nationeel,Snack Foods,Snack Foods,Food,1.63,12.5,10.5,1,1,34
Fort West,Snack Foods,Snack Foods,Food,1.8,11.7,8.69,1,0,3
Fast,Snack Foods,Snack Foods,Food,0.96,6.59,4.59,1,1,8
Nationeel,Snack Foods,Snack Foods,Food,0.66,14.4,11.3,0,0,2
Best Choice,Snack Foods,Snack Foods,Food,2.59,9.51,7.51,0,1,23
Best Choice,Snack Foods,Snack Foods,Food,0.76,10.4,7.39,1,1,22
Nationeel,Snack Foods,Snack Foods,Food,1.71,16.3,13.2,0,0,31
Horatio,Snack Foods,Snack Foods,Food,1.71,17.1,14.1,1,1,6
Fort West,Snack Foods,Snack Foods,Food,2.41,21.8,19.7,1,0,9
Fort West,Snack Foods,Snack Foods,Food,2.36,6.68,4.67,0,1,7
Horatio,Snack Foods,Snack Foods,Food,2.82,18.3,15.2,1,0,25
Horatio,Snack Foods,Snack Foods,Food,1.88,16.1,15.1,0,0,12
Best Choice,Snack Foods,Snack Foods,Food,1.98,15.7,14.6,0,1,12
Fast,Snack Foods,Snack Foods,Food,2.65,20.7,18.7,1,0,3
Horatio,Snack Foods,Snack Foods,Food,1.59,6.18,4.17,1,1,30
Nationeel,Snack Foods,Snack Foods,Food,3.31,17.1,14.1,1,0,22
Fort West,Snack Foods,Snack Foods,Food,1.55,18.0,17.0,0,0,15
Fort West,Snack Foods,Snack Foods,Food,2.26,8.77,7.77,0,1,22
Horatio,Snack Foods,Snack Foods,Food,3.59,11.8,9.8,0,0,34
Fast,Snack Foods,Snack Foods,Food,3.38,12.6,10.6,0,1,26
Fort West,Snack Foods,Snack Foods,Food,3.56,16.2,14.2,0,0,19
Horatio,Snack Foods,Snack Foods,Food,3.78,16.7,14.7,1,1,28
Nationeel,Snack Foods,Snack Foods,Food,1.31,16.3,14.2,0,0,16
Nationeel,Snack Foods,Snack Foods,Food,2.45,8.95,6.94,0,0,25
Best Choice,Snack Foods,Snack Foods,Food,2.21,16.5,14.5,1,1,5
Horatio,Snack Foods,Snack Foods,Food,1.54,8.44,5.43,0,1,16
Best Choice,Snack Foods,Snack Foods,Food,2.68,21.6,19.6,1,1,23
Fast,Snack Foods,Snack Foods,Food,2.9,8.39,5.39,1,1,34
Fast,Snack Foods,Snack Foods,Food,1.68,19.9,18.8,0,1,31
Fort West,Snack Foods,Snack Foods,Food,2.52,10.0,8.0,1,0,32
Fast,Snack Foods,Snack Foods,Food,2.4,10.7,8.69,0,0,30
Best Choice,Snack Foods,Snack Foods,Food,2.71,20.7,17.7,0,0,2
Horatio,Snack Foods,Snack Foods,Food,1.3,11.8,8.8,0,1,27
Fort West,Snack Foods,Snack Foods,Food,1.78,19.0,18.0,1,0,31
Fort West,Snack Foods,Snack Foods,Food,2.34,12.2,9.19,0,1,34
Horatio,Snack Foods,Snack Foods,Food,1.73,7.57,6.57,1,0,23
Nationeel,Snack Foods,Snack Foods,Food,1.59,11.4,10.3,0,0,28
Ebony,Specialty,Produce,Food,0.95,8.29,7.28,1,0,20
Ebony,Specialty,Produce,Food,1.68,17.2,14.2,1,1,8
Tell Tale,Specialty,Produce,Food,1.63,15.6,13.6,1,1,6
High Top,Specialty,Produce,Food,2.71,13.9,11.8,1,0,9
Tri-State,Specialty,Produce,Food,1.76,8.69,7.68,0,0,12
Ebony,Specialty,Produce,Food,1.18,20.9,17.8,1,1,8
Hermanos,Specialty,Produce,Food,2.13,11.1,8.1,1,0,29
High Top,Specialty,Produce,Food,2.82,21.6,19.6,1,1,18
Hermanos,Specialty,Produce,Food,1.76,11.2,9.19,1,1,23
Tell Tale,Specialty,Produce,Food,3.68,11.5,8.5,1,0,3
High Top,Specialty,Produce,Food,2.11,10.9,7.89,0,1,15
Hermanos,Specialty,Produce,Food,1.98,12.4,9.39,1,0,12
Ebony,Specialty,Produce,Food,2.39,18.8,16.7,0,0,25
Ebony,Specialty,Produce,Food,1.29,19.4,17.3,0,1,32
Tell Tale,Specialty,Produce,Food,1.85,21.8,19.7,1,0,6
High Top,Specialty,Produce,Food,1.77,8.72,6.72,0,1,24
Tell Tale,Specialty,Produce,Food,2.85,11.3,9.3,0,1,30
Tri-State,Specialty,Produce,Food,1.54,17.5,15.5,1,1,26
High Top,Specialty,Produce,Food,2.72,14.5,12.5,1,0,1
Tell Tale,Specialty,Produce,Food,3.4,7.87,6.86,0,0,26
Tri-State,Specialty,Produce,Food,2.63,13.6,12.6,1,0,23
Hermanos,Specialty,Produce,Food,2.53,16.8,15.7,1,0,30
Tri-State,Specialty,Produce,Food,0.88,19.7,16.7,0,1,17
Tri-State,Specialty,Produce,Food,0.85,21.2,18.2,1,0,4
Hermanos,Specialty,Produce,Food,3.39,17.4,15.3,1,1,11
Red Wing,Kitchen Products,Household,Non-Consumable,1.29,8.03,5.02,1,0,30
Cormorant,Kitchen Products,Household,Non-Consumable,2.72,21.3,19.2,1,0,18
Denny,Kitchen Products,Household,Non-Consumable,0.55,21.5,19.5,0,0,20
Red Wing,Kitchen Products,Household,Non-Consumable,3.81,8.33,7.32,1,0,3
Sunset,Kitchen Products,Household,Non-Consumable,0.89,17.2,14.2,0,0,1
High Quality,Kitchen Products,Household,Non-Consumable,2.56,13.5,11.5,1,0,9
High Quality,Kitchen Products,Household,Non-Consumable,3.77,8.39,6.39,1,0,21
Sunset,Kitchen Products,Household,Non-Consumable,0.63,14.5,13.5,1,0,3
Denny,Kitchen Products,Household,Non-Consumable,1.58,21.1,18.1,0,0,5
Cormorant,Kitchen Products,Household,Non-Consumable,2.84,19.5,18.5,0,0,21
Moms,Meat,Deli,Food,0.54,14.7,12.6,1,1,25
Cutting Edge,Meat,Deli,Food,2.33,6.86,4.86,1,1,28
Red Spade,Meat,Deli,Food,1.69,18.1,17.1,0,1,4
Lake,Meat,Deli,Food,3.2,6.66,5.65,0,1,6
Lake,Meat,Deli,Food,2.49,16.9,15.8,1,0,8
Red Spade,Meat,Deli,Food,2.33,19.1,16.1,0,0,22
Lake,Meat,Deli,Food,1.43,12.8,9.8,0,1,25
American,Meat,Deli,Food,0.59,7.32,5.32,1,0,24
American,Meat,Deli,Food,3.17,14.8,13.8,0,1,13
American,Meat,Deli,Food,2.65,7.19,6.19,1,1,10
Cutting Edge,Meat,Deli,Food,2.95,11.2,9.19,0,1,29
Moms,Meat,Deli,Food,2.41,17.7,16.7,1,0,14
American,Meat,Deli,Food,2.76,6.81,3.8,0,1,7
Red Spade,Meat,Deli,Food,1.57,6.13,5.13,0,1,5
Red Spade,Meat,Deli,Food,2.74,20.2,17.2,0,1,6
Lake,Meat,Deli,Food,2.94,10.5,8.5,1,1,29
Cutting Edge,Meat,Deli,Food,0.72,19.6,17.6,1,1,24
Moms,Meat,Deli,Food,2.75,13.2,11.1,1,1,33
Moms,Meat,Deli,Food,1.56,11.3,9.3,0,0,5
Cutting Edge,Meat,Deli,Food,3.52,12.9,9.89,1,1,3
Cormorant,Electrical,Household,Non-Consumable,1.87,21.7,18.7,0,0,25
Cormorant,Electrical,Household,Non-Consumable,3.19,17.5,14.5,1,0,19
Red Wing,Electrical,Household,Non-Consumable,1.5,16.8,14.7,1,0,10
Denny,Electrical,Household,Non-Consumable,2.7,12.3,10.3,1,0,7
Sunset,Electrical,Household,Non-Consumable,2.4,14.5,12.5,1,0,29
High Quality,Electrical,Household,Non-Consumable,3.24,8.48,6.47,0,0,17
Red Wing,Electrical,Household,Non-Consumable,2.26,13.2,11.1,1,0,10
Denny,Electrical,Household,Non-Consumable,0.64,13.0,12.0,1,0,29
Cormorant,Electrical,Household,Non-Consumable,2.76,20.5,18.5,0,0,12
Cormorant,Electrical,Household,Non-Consumable,0.59,21.0,20.0,0,0,9
Denny,Electrical,Household,Non-Consumable,3.83,14.0,12.0,1,0,35
Sunset,Electrical,Household,Non-Consumable,2.95,17.9,14.8,1,0,10
High Quality,Electrical,Household,Non-Consumable,1.37,10.1,7.1,1,0,16
Sunset,Electrical,Household,Non-Consumable,2.65,15.1,12.1,0,0,5
Sunset,Electrical,Household,Non-Consumable,3.49,10.9,8.89,1,0,14
Red Wing,Electrical,Household,Non-Consumable,2.88,19.4,17.3,1,0,15
High Quality,Electrical,Household,Non-Consumable,2.24,6.88,4.88,0,0,15
High Quality,Electrical,Household,Non-Consumable,3.13,19.3,18.2,1,0,29
Denny,Electrical,Household,Non-Consumable,3.87,17.4,15.3,0,0,33
Red Wing,Electrical,Household,Non-Consumable,3.69,10.3,8.3,1,0,9
Walrus,Beer and Wine,Alcoholic Beverages,Drink,2.84,19.4,17.3,1,0,6
Pearl,Beer and Wine,Alcoholic Beverages,Drink,1.92,19.9,17.8,0,0,20
Walrus,Beer and Wine,Alcoholic Beverages,Drink,1.61,19.4,17.3,1,0,18
Good,Beer and Wine,Alcoholic Beverages,Drink,2.84,10.5,8.5,0,0,12
Walrus,Beer and Wine,Alcoholic Beverages,Drink,2.29,9.38,8.38,1,0,9
Good,Beer and Wine,Alcoholic Beverages,Drink,2.24,9.71,6.71,1,0,35
Pearl,Beer and Wine,Alcoholic Beverages,Drink,0.54,9.01,7.01,0,0,8
Top Measure,Beer and Wine,Alcoholic Beverages,Drink,3.52,10.4,7.39,1,0,34
Top Measure,Beer and Wine,Alcoholic Beverages,Drink,0.7,16.5,13.5,1,0,17
Portsmouth,Beer and Wine,Alcoholic Beverages,Drink,2.87,10.3,8.3,1,0,32
Pearl,Beer and Wine,Alcoholic Beverages,Drink,0.65,16.2,15.2,0,0,2
Walrus,Beer and Wine,Alcoholic Beverages,Drink,2.41,19.9,17.8,0,0,29
Good,Beer and Wine,Alcoholic Beverages,Drink,1.73,9.26,7.26,0,0,20
Pearl,Beer and Wine,Alcoholic Beverages,Drink,0.57,9.87,6.86,1,0,11
Pearl,Beer and Wine,Alcoholic Beverages,Drink,2.68,10.7,8.69,0,0,31
Top Measure,Beer and Wine,Alcoholic Beverages,Drink,0.81,17.3,16.2,1,0,16
Walrus,Beer and Wine,Alcoholic Beverages,Drink,0.83,15.7,13.6,0,0,35
Pearl,Beer and Wine,Alcoholic Beverages,Drink,1.74,15.4,12.3,0,0,34
Portsmouth,Beer and Wine,Alcoholic Beverages,Drink,1.7,11.2,9.19,1,0,28
Top Measure,Beer and Wine,Alcoholic Beverages,Drink,3.36,10.0,9.0,0,0,35
Portsmouth,Beer and Wine,Alcoholic Beverages,Drink,3.43,8.41,7.4,0,0,15
Top Measure,Beer and Wine,Alcoholic Beverages,Drink,2.31,7.38,4.38,0,0,10
Portsmouth,Beer and Wine,Alcoholic Beverages,Drink,2.6,19.3,17.2,0,0,4
Portsmouth,Beer and Wine,Alcoholic Beverages,Drink,2.7,13.1,11.1,1,0,25
Top Measure,Beer and Wine,Alcoholic Beverages,Drink,0.58,12.2,11.1,1,0,28
Good,Beer and Wine,Alcoholic Beverages,Drink,2.37,12.0,9.0,1,0,31
Portsmouth,Beer and Wine,Alcoholic Beverages,Drink,1.89,21.2,18.2,1,0,20
Good,Beer and Wine,Alcoholic Beverages,Drink,0.83,6.98,4.98,0,0,24
Walrus,Beer and Wine,Alcoholic Beverages,Drink,3.8,9.9,6.89,1,0,32
Good,Beer and Wine,Alcoholic Beverages,Drink,3.91,7.07,6.07,1,0,2
High Quality,Candles,Household,Non-Consumable,1.58,9.85,7.85,0,0,5
Red Wing,Candles,Household,Non-Consumable,1.74,10.6,9.6,1,0,5
Sunset,Candles,Household,Non-Consumable,0.56,12.2,9.19,1,0,36
Denny,Candles,Household,Non-Consumable,2.95,20.2,18.2,1,0,18
Cormorant,Candles,Household,Non-Consumable,1.81,8.09,5.09,0,0,30
Super,Jams and Jellies,Baking Goods,Food,2.15,9.67,8.67,0,0,5
Plato,Jams and Jellies,Baking Goods,Food,2.98,6.42,3.42,0,0,3
CDR,Jams and Jellies,Baking Goods,Food,2.7,21.4,20.3,1,0,10
Landslide,Jams and Jellies,Baking Goods,Food,0.68,10.2,8.19,1,0,25
Plato,Jams and Jellies,Baking Goods,Food,1.48,9.3,7.3,1,1,22
Landslide,Jams and Jellies,Baking Goods,Food,3.78,16.7,14.7,1,0,24
BBB Best,Jams and Jellies,Baking Goods,Food,1.61,17.0,14.0,1,0,32
BBB Best,Jams and Jellies,Baking Goods,Food,2.7,21.2,18.2,0,0,30
CDR,Jams and Jellies,Baking Goods,Food,0.61,11.3,10.3,0,1,33
Super,Jams and Jellies,Baking Goods,Food,0.9,17.4,14.3,0,1,26
BBB Best,Jams and Jellies,Baking Goods,Food,1.48,7.65,4.65,1,0,5
Super,Jams and Jellies,Baking Goods,Food,2.58,13.6,11.6,1,1,32
Landslide,Jams and Jellies,Baking Goods,Food,0.81,6.38,3.38,1,1,28
Plato,Jams and Jellies,Baking Goods,Food,1.38,14.9,11.8,1,0,5
High Top,Fruit,Produce,Food,3.68,11.8,9.8,1,0,11
Tri-State,Fruit,Produce,Food,2.56,10.5,8.5,0,1,12
High Top,Fruit,Produce,Food,2.47,13.4,10.3,1,1,23
Tri-State,Fruit,Produce,Food,1.77,17.1,16.1,0,0,16
Ebony,Fruit,Produce,Food,2.77,18.5,16.5,1,0,10
Tri-State,Fruit,Produce,Food,2.4,13.7,12.6,0,0,6
Tell Tale,Fruit,Produce,Food,3.63,8.48,6.47,1,0,17
Tell Tale,Fruit,Produce,Food,0.68,21.0,19.0,0,1,31
High Top,Fruit,Produce,Food,0.92,17.2,14.2,1,1,27
Tell Tale,Fruit,Produce,Food,0.61,9.33,7.32,1,0,27
Hermanos,Fruit,Produce,Food,3.94,6.79,4.78,0,1,23
Ebony,Fruit,Produce,Food,2.11,19.3,16.2,1,1,9
Ebony,Fruit,Produce,Food,3.24,15.0,13.0,0,0,32
Hermanos,Fruit,Produce,Food,1.62,17.1,15.1,1,1,9
Hermanos,Fruit,Produce,Food,3.11,17.6,16.6,1,1,18
High Top,Fruit,Produce,Food,1.6,13.6,10.6,0,0,31
Hermanos,Fruit,Produce,Food,1.26,7.09,6.09,0,0,31
Hermanos,Fruit,Produce,Food,1.43,19.1,17.1,1,0,29
Tri-State,Fruit,Produce,Food,2.69,13.1,11.1,0,0,15
Ebony,Fruit,Produce,Food,1.86,18.4,17.3,0,1,9
Tell Tale,Fruit,Produce,Food,1.9,20.9,18.8,1,0,8
Tell Tale,Fruit,Produce,Food,0.58,11.0,10.0,1,0,31
Tri-State,Fruit,Produce,Food,1.42,9.62,7.61,0,0,30
Ebony,Fruit,Produce,Food,1.58,8.79,6.78,0,1,2
Hermanos,Fruit,Produce,Food,2.56,15.0,14.0,1,1,34
Hermanos,Fruit,Produce,Food,3.34,21.3,19.2,0,1,16
High Top,Fruit,Produce,Food,2.91,21.5,19.5,0,1,29
Ebony,Fruit,Produce,Food,2.96,9.96,7.96,0,1,32
Ebony,Fruit,Produce,Food,0.7,7.36,5.36,0,0,2
High Top,Fruit,Produce,Food,1.49,11.8,8.8,0,0,24
Tri-State,Fruit,Produce,Food,2.57,18.0,16.0,1,0,32
Hermanos,Fruit,Produce,Food,1.64,17.2,16.2,0,0,29
High Top,Fruit,Produce,Food,2.25,14.7,12.6,0,0,29
High Top,Fruit,Produce,Food,1.54,17.0,14.0,0,1,27
High Top,Fruit,Produce,Food,1.66,9.78,7.77,0,0,14
Hermanos,Fruit,Produce,Food,2.77,17.4,16.3,1,0,31
Hermanos,Fruit,Produce,Food,0.74,8.69,7.68,0,0,11
Tell Tale,Fruit,Produce,Food,3.79,13.9,11.8,1,1,22
Hermanos,Fruit,Produce,Food,2.9,21.6,18.6,1,1,17
Tell Tale,Fruit,Produce,Food,2.53,20.4,18.3,1,0,14
Ebony,Fruit,Produce,Food,1.83,9.79,7.78,1,0,29
Ebony,Fruit,Produce,Food,0.92,11.7,9.69,0,0,8
Tell Tale,Fruit,Produce,Food,1.72,11.3,9.3,0,1,27
Tri-State,Fruit,Produce,Food,3.61,13.7,11.6,1,1,11
Ebony,Fruit,Produce,Food,3.49,13.4,12.3,0,0,17
High Top,Fruit,Produce,Food,2.47,12.1,10.1,1,1,27
High Top,Fruit,Produce,Food,0.56,7.22,5.21,1,0,11
Tell Tale,Fruit,Produce,Food,1.91,20.7,19.7,0,1,17
Hermanos,Fruit,Produce,Food,2.96,16.5,14.5,0,1,27
Tri-State,Fruit,Produce,Food,1.82,21.0,20.0,1,0,19
Tri-State,Fruit,Produce,Food,1.96,7.61,4.61,0,1,27
Tri-State,Fruit,Produce,Food,0.62,15.6,14.6,1,1,30
Tell Tale,Fruit,Produce,Food,3.82,17.1,15.1,1,0,10
Hermanos,Fruit,Produce,Food,0.73,16.2,13.2,0,0,35
Tell Tale,Fruit,Produce,Food,2.74,9.85,7.85,0,0,10
Tri-State,Fruit,Produce,Food,2.44,13.7,10.6,1,1,2
Tri-State,Fruit,Produce,Food,2.86,9.37,7.36,1,1,23
Tri-State,Fruit,Produce,Food,2.95,15.2,13.1,0,1,27
Ebony,Fruit,Produce,Food,1.35,21.5,19.5,1,0,34
Tell Tale,Fruit,Produce,Food,1.74,13.8,11.8,0,0,16
Ebony,Fruit,Produce,Food,2.45,8.11,7.1,0,0,9
Tri-State,Fruit,Produce,Food,3.19,9.1,7.1,1,0,32
Hermanos,Fruit,Produce,Food,0.87,17.5,14.5,1,1,21
Ebony,Fruit,Produce,Food,3.43,7.28,6.28,1,1,25
Tell Tale,Fruit,Produce,Food,2.8,7.28,6.28,1,0,21
High Top,Fruit,Produce,Food,2.65,6.74,4.73,0,0,12
Tell Tale,Fruit,Produce,Food,1.84,13.6,11.6,1,1,28
High Top,Fruit,Produce,Food,1.87,17.3,15.2,1,0,16
Ebony,Fruit,Produce,Food,1.91,7.65,5.65,1,0,28
High Top,Fruit,Produce,Food,1.67,19.2,18.2,1,0,33
Golden,Meat,Frozen Foods,Food,2.35,12.0,10.0,1,1,34
Golden,Meat,Frozen Foods,Food,2.81,14.6,11.6,0,0,3
Imagine,Meat,Frozen Foods,Food,1.95,16.6,13.6,1,1,2
Golden,Meat,Frozen Foods,Food,3.48,15.4,13.3,1,1,17
Carrington,Meat,Frozen Foods,Food,2.42,9.4,8.39,0,1,11
PigTail,Meat,Frozen Foods,Food,1.51,12.5,10.5,1,1,27
Big Time,Meat,Frozen Foods,Food,2.22,8.3,6.3,1,0,30
PigTail,Meat,Frozen Foods,Food,3.93,8.35,5.35,0,0,27
Imagine,Meat,Frozen Foods,Food,3.46,11.0,8.0,0,1,24
Carrington,Meat,Frozen Foods,Food,0.93,9.92,8.92,1,1,21
PigTail,Meat,Frozen Foods,Food,2.21,19.5,17.5,1,1,35
Imagine,Meat,Frozen Foods,Food,0.91,9.91,7.9,1,0,9
Big Time,Meat,Frozen Foods,Food,2.95,6.19,4.19,1,0,23
Carrington,Meat,Frozen Foods,Food,1.24,21.5,19.5,1,1,12
Big Time,Meat,Frozen Foods,Food,3.67,7.87,5.86,0,1,33
Super,Baking Goods,Baking Goods,Food,1.42,8.25,7.25,1,0,35
Plato,Baking Goods,Baking Goods,Food,1.24,10.2,8.19,0,0,23
Landslide,Baking Goods,Baking Goods,Food,2.8,19.3,16.2,1,1,19
BBB Best,Baking Goods,Baking Goods,Food,2.46,6.76,3.76,1,1,3
BBB Best,Baking Goods,Baking Goods,Food,1.78,14.3,12.3,1,0,24
Plato,Baking Goods,Baking Goods,Food,1.72,11.4,9.39,0,0,3
Landslide,Baking Goods,Baking Goods,Food,1.52,10.3,9.3,1,0,25
Super,Baking Goods,Baking Goods,Food,1.56,11.7,10.6,1,1,21
CDR,Baking Goods,Baking Goods,Food,1.33,6.43,4.42,0,1,29
CDR,Baking Goods,Baking Goods,Food,2.92,10.3,8.3,1,0,23
Denny,Electrical,Household,Non-Consumable,1.92,20.0,18.0,1,0,14
Cormorant,Electrical,Household,Non-Consumable,2.55,6.32,5.32,1,0,5
Red Wing,Electrical,Household,Non-Consumable,2.48,11.1,8.1,0,0,5
High Quality,Electrical,Household,Non-Consumable,3.51,21.6,20.6,0,0,28
Denny,Electrical,Household,Non-Consumable,3.93,15.7,13.6,1,0,2
Cormorant,Electrical,Household,Non-Consumable,2.57,12.0,9.0,1,0,31
Red Wing,Electrical,Household,Non-Consumable,2.67,13.7,12.6,1,0,30
High Quality,Electrical,Household,Non-Consumable,0.5,9.61,8.6,1,0,14
Denny,Electrical,Household,Non-Consumable,2.27,21.2,20.2,0,0,25
High Quality,Electrical,Household,Non-Consumable,2.21,21.3,19.2,0,0,25
High Quality,Electrical,Household,Non-Consumable,1.54,20.8,18.7,0,0,8
Sunset,Electrical,Household,Non-Consumable,1.91,18.7,16.7,1,0,30
Sunset,Electrical,Household,Non-Consumable,1.64,16.7,13.7,1,0,31
Sunset,Electrical,Household,Non-Consumable,2.53,18.7,16.7,1,0,15
Red Wing,Electrical,Household,Non-Consumable,1.33,20.6,18.6,1,0,29
Sunset,Electrical,Household,Non-Consumable,2.17,21.6,20.6,0,0,34
Red Wing,Electrical,Household,Non-Consumable,1.54,15.8,14.8,0,0,23
Denny,Electrical,Household,Non-Consumable,3.7,13.3,11.3,1,0,13
Cormorant,Electrical,Household,Non-Consumable,1.45,16.9,15.8,1,0,2
Cormorant,Electrical,Household,Non-Consumable,1.89,18.0,16.0,0,0,22
Red Spade,Meat,Deli,Food,3.76,10.3,9.3,0,1,21
Red Spade,Meat,Deli,Food,1.61,13.2,12.1,1,0,33
Moms,Meat,Deli,Food,2.29,18.4,17.3,1,0,27
Cutting Edge,Meat,Deli,Food,1.82,12.5,9.5,1,0,34
Moms,Meat,Deli,Food,2.1,18.0,17.0,0,0,7
Lake,Meat,Deli,Food,3.92,19.4,16.3,1,1,17
Moms,Meat,Deli,Food,2.27,12.3,11.3,0,1,3
Lake,Meat,Deli,Food,1.78,14.4,13.3,0,1,6
American,Meat,Deli,Food,2.76,7.49,6.48,1,1,33
Cutting Edge,Meat,Deli,Food,0.97,7.67,4.67,0,0,35
Cutting Edge,Meat,Deli,Food,2.37,12.9,11.8,0,1,13
Red Spade,Meat,Deli,Food,3.44,11.9,8.89,1,1,31
American,Meat,Deli,Food,0.78,14.2,11.1,1,0,19
American,Meat,Deli,Food,2.87,15.8,13.8,1,0,5
Lake,Meat,Deli,Food,0.64,7.79,5.78,1,1,8
Excellent,Pure Juice Beverages,Beverages,Drink,1.6,9.58,7.57,0,0,6
Skinner,Pure Juice Beverages,Beverages,Drink,0.61,15.2,13.1,0,0,12
Washington,Pure Juice Beverages,Beverages,Drink,2.59,8.97,6.97,1,0,27
Excellent,Pure Juice Beverages,Beverages,Drink,2.41,13.2,12.1,1,0,13
Excellent,Pure Juice Beverages,Beverages,Drink,2.13,12.6,10.6,1,0,2
Token,Pure Juice Beverages,Beverages,Drink,1.8,8.04,7.03,1,0,2
Fabulous,Pure Juice Beverages,Beverages,Drink,2.96,16.9,13.8,0,0,34
Skinner,Pure Juice Beverages,Beverages,Drink,2.14,14.7,11.6,1,0,26
Token,Pure Juice Beverages,Beverages,Drink,0.78,19.7,17.7,1,0,7
Fabulous,Pure Juice Beverages,Beverages,Drink,2.85,6.0,4.0,1,0,2
Skinner,Pure Juice Beverages,Beverages,Drink,2.16,9.17,8.17,0,0,33
Washington,Pure Juice Beverages,Beverages,Drink,1.42,8.13,7.13,1,0,28
Washington,Pure Juice Beverages,Beverages,Drink,2.42,7.14,5.13,0,0,34
Fabulous,Pure Juice Beverages,Beverages,Drink,0.65,16.0,15.0,1,0,11
Token,Pure Juice Beverages,Beverages,Drink,0.83,20.6,18.6,0,0,1
Fabulous,Pure Juice Beverages,Beverages,Drink,0.7,10.8,8.8,0,0,19
Skinner,Pure Juice Beverages,Beverages,Drink,1.94,7.87,5.86,1,0,4
Excellent,Pure Juice Beverages,Beverages,Drink,3.26,16.4,14.3,0,0,14
Token,Pure Juice Beverages,Beverages,Drink,2.8,11.0,10.0,1,0,33
Washington,Pure Juice Beverages,Beverages,Drink,2.85,8.39,6.39,0,0,30
Big Time,Frozen Desserts,Frozen Foods,Food,2.27,20.6,19.6,1,1,29
Golden,Frozen Desserts,Frozen Foods,Food,0.95,9.81,8.81,1,0,13
Imagine,Frozen Desserts,Frozen Foods,Food,1.49,7.33,5.32,0,0,4
PigTail,Frozen Desserts,Frozen Foods,Food,3.23,10.0,8.0,1,0,16
Carrington,Frozen Desserts,Frozen Foods,Food,2.24,13.9,12.8,1,0,19
Imagine,Frozen Desserts,Frozen Foods,Food,3.21,8.47,6.47,0,1,5
Imagine,Frozen Desserts,Frozen Foods,Food,3.81,13.7,10.6,0,0,9
Big Time,Frozen Desserts,Frozen Foods,Food,2.91,17.4,16.3,1,1,6
Big Time,Frozen Desserts,Frozen Foods,Food,2.77,19.9,16.8,1,1,3
Carrington,Frozen Desserts,Frozen Foods,Food,2.1,11.5,8.5,0,0,13
PigTail,Frozen Desserts,Frozen Foods,Food,0.71,20.0,18.0,0,1,2
Carrington,Frozen Desserts,Frozen Foods,Food,2.65,17.7,14.7,1,1,18
Golden,Frozen Desserts,Frozen Foods,Food,3.89,12.3,10.3,0,1,11
Golden,Frozen Desserts,Frozen Foods,Food,3.95,19.0,16.0,0,0,11
PigTail,Frozen Desserts,Frozen Foods,Food,1.15,16.6,14.6,1,0,14
BBB Best,Jams and Jellies,Baking Goods,Food,3.38,10.2,9.19,1,1,28
Super,Jams and Jellies,Baking Goods,Food,1.89,10.1,8.1,1,0,24
CDR,Jams and Jellies,Baking Goods,Food,1.86,13.5,10.5,1,0,16
BBB Best,Jams and Jellies,Baking Goods,Food,1.59,12.2,10.1,0,0,3
Super,Jams and Jellies,Baking Goods,Food,3.39,6.72,5.71,0,1,4
BBB Best,Jams and Jellies,Baking Goods,Food,1.9,20.2,17.2,0,0,9
Plato,Jams and Jellies,Baking Goods,Food,1.21,19.0,17.0,1,0,24
Landslide,Jams and Jellies,Baking Goods,Food,1.35,18.4,16.3,0,1,34
Super,Jams and Jellies,Baking Goods,Food,3.96,16.5,14.5,0,1,29
Landslide,Jams and Jellies,Baking Goods,Food,1.16,13.9,10.8,1,1,30
Plato,Jams and Jellies,Baking Goods,Food,1.18,9.7,8.69,1,1,5
Plato,Jams and Jellies,Baking Goods,Food,1.98,19.9,17.8,0,0,24
Landslide,Jams and Jellies,Baking Goods,Food,1.33,21.9,19.8,1,1,13
CDR,Jams and Jellies,Baking Goods,Food,2.54,21.0,19.0,1,1,25
CDR,Jams and Jellies,Baking Goods,Food,2.95,21.7,18.7,1,1,18
Better,Canned Soup,Canned Foods,Food,3.74,8.73,6.72,1,0,17
Better,Canned Soup,Canned Foods,Food,1.23,7.98,5.98,1,0,25
Just Right,Canned Soup,Canned Foods,Food,3.76,7.12,6.11,0,1,14
Better,Canned Soup,Canned Foods,Food,0.63,16.0,13.0,1,1,6
Pleasant,Canned Soup,Canned Foods,Food,0.9,14.0,12.0,1,1,33
Just Right,Canned Soup,Canned Foods,Food,0.61,12.3,11.3,1,1,34
Blue Label,Canned Soup,Canned Foods,Food,1.78,17.1,16.1,0,0,34
Just Right,Canned Soup,Canned Foods,Food,1.87,9.31,6.31,1,1,10
Pleasant,Canned Soup,Canned Foods,Food,3.31,12.5,9.5,1,1,4
Better,Canned Soup,Canned Foods,Food,3.98,7.47,5.46,0,0,8
Blue Label,Canned Soup,Canned Foods,Food,0.88,16.5,13.5,1,1,21
Bravo,Canned Soup,Canned Foods,Food,0.8,15.0,13.0,0,1,19
Pleasant,Canned Soup,Canned Foods,Food,2.48,18.2,16.2,0,1,31
Just Right,Canned Soup,Canned Foods,Food,2.97,13.5,12.5,1,1,10
Just Right,Canned Soup,Canned Foods,Food,1.99,16.7,14.7,0,0,24
Pleasant,Canned Soup,Canned Foods,Food,2.82,20.2,19.2,1,1,9
Pleasant,Canned Soup,Canned Foods,Food,1.43,16.9,14.8,1,0,2
Bravo,Canned Soup,Canned Foods,Food,2.55,17.2,14.2,0,1,15
Pleasant,Canned Soup,Canned Foods,Food,1.17,13.5,12.5,1,0,9
Just Right,Canned Soup,Canned Foods,Food,2.4,20.5,18.5,1,1,6
Blue Label,Canned Soup,Canned Foods,Food,1.75,10.6,9.6,1,0,17
Blue Label,Canned Soup,Canned Foods,Food,3.19,15.2,12.1,1,1,35
Bravo,Canned Soup,Canned Foods,Food,1.84,9.0,6.0,0,0,19
Blue Label,Canned Soup,Canned Foods,Food,2.65,11.2,8.19,0,1,14
Bravo,Canned Soup,Canned Foods,Food,2.74,17.7,15.7,1,0,23
Pleasant,Canned Soup,Canned Foods,Food,1.3,20.5,18.5,0,1,33
Blue Label,Canned Soup,Canned Foods,Food,1.55,9.48,8.47,1,1,21
Better,Canned Soup,Canned Foods,Food,1.15,13.1,11.1,1,0,2
Better,Canned Soup,Canned Foods,Food,0.78,9.0,8.0,1,0,26
Pleasant,Canned Soup,Canned Foods,Food,1.31,20.2,19.2,1,0,36
Blue Label,Canned Soup,Canned Foods,Food,2.33,19.7,18.7,0,1,18
Bravo,Canned Soup,Canned Foods,Food,2.72,12.5,11.5,1,0,5
Bravo,Canned Soup,Canned Foods,Food,3.32,6.41,5.4,0,0,8
Blue Label,Canned Soup,Canned Foods,Food,1.59,21.0,19.0,1,1,9
Just Right,Canned Soup,Canned Foods,Food,1.5,17.2,15.2,0,0,2
Blue Label,Canned Soup,Canned Foods,Food,1.73,12.8,10.8,0,1,23
Better,Canned Soup,Canned Foods,Food,0.75,8.34,7.34,1,1,9
Just Right,Canned Soup,Canned Foods,Food,1.31,9.1,7.1,0,1,35
Bravo,Canned Soup,Canned Foods,Food,1.28,6.18,4.17,1,0,1
Just Right,Canned Soup,Canned Foods,Food,1.53,17.3,16.2,0,1,10
Better,Canned Soup,Canned Foods,Food,0.57,16.9,14.8,1,0,6
Bravo,Canned Soup,Canned Foods,Food,3.98,18.5,15.5,1,1,11
Better,Canned Soup,Canned Foods,Food,2.21,9.36,7.35,0,0,25
Bravo,Canned Soup,Canned Foods,Food,3.21,15.8,14.8,1,1,1
Pleasant,Canned Soup,Canned Foods,Food,2.69,20.5,18.5,1,0,4
Plato,Jams and Jellies,Baking Goods,Food,1.68,19.3,16.2,1,0,23
Landslide,Jams and Jellies,Baking Goods,Food,0.73,7.8,5.8,1,0,36
Landslide,Jams and Jellies,Baking Goods,Food,1.42,7.95,4.94,1,0,31
BBB Best,Jams and Jellies,Baking Goods,Food,1.97,6.97,3.96,0,1,10
Super,Jams and Jellies,Baking Goods,Food,0.99,7.71,5.71,0,1,22
CDR,Jams and Jellies,Baking Goods,Food,2.16,11.5,9.5,0,1,22
Landslide,Jams and Jellies,Baking Goods,Food,1.4,7.28,6.28,1,1,21
Super,Jams and Jellies,Baking Goods,Food,1.48,18.2,15.2,0,1,9
Plato,Jams and Jellies,Baking Goods,Food,2.32,18.3,17.2,0,1,30
BBB Best,Jams and Jellies,Baking Goods,Food,1.1,12.8,11.8,0,0,20
CDR,Jams and Jellies,Baking Goods,Food,2.65,6.94,3.94,1,1,7
BBB Best,Jams and Jellies,Baking Goods,Food,2.78,6.49,5.48,0,0,23
Plato,Jams and Jellies,Baking Goods,Food,2.45,12.0,9.0,1,1,34
CDR,Jams and Jellies,Baking Goods,Food,2.5,7.63,5.63,1,1,13
Super,Jams and Jellies,Baking Goods,Food,3.62,18.7,17.7,1,1,6
High Quality,Paper Products,Household,Non-Consumable,2.47,7.36,5.36,1,0,7
Denny,Paper Products,Household,Non-Consumable,2.49,17.6,16.6,1,0,27
High Quality,Paper Products,Household,Non-Consumable,3.32,19.7,16.7,0,0,32
Sunset,Paper Products,Household,Non-Consumable,1.78,11.6,10.6,1,0,31
Red Wing,Paper Products,Household,Non-Consumable,1.61,13.7,11.6,1,0,21
Sunset,Paper Products,Household,Non-Consumable,2.59,9.43,7.43,0,0,20
Sunset,Paper Products,Household,Non-Consumable,1.59,10.2,8.19,0,0,31
Sunset,Paper Products,Household,Non-Consumable,0.86,8.0,7.0,0,0,29
Red Wing,Paper Products,Household,Non-Consumable,1.25,8.28,5.27,1,0,18
Cormorant,Paper Products,Household,Non-Consumable,1.94,6.95,4.94,1,0,28
Red Wing,Paper Products,Household,Non-Consumable,3.56,15.6,14.6,1,0,20
Denny,Paper Products,Household,Non-Consumable,2.91,12.3,10.3,1,0,12
Cormorant,Paper Products,Household,Non-Consumable,0.71,10.6,7.6,1,0,32
Red Wing,Paper Products,Household,Non-Consumable,2.72,16.1,13.1,0,0,23
Cormorant,Paper Products,Household,Non-Consumable,1.12,21.1,20.1,1,0,26
Cormorant,Paper Products,Household,Non-Consumable,0.95,20.7,19.7,1,0,7
Sunset,Paper Products,Household,Non-Consumable,3.15,9.38,8.38,1,0,35
Red Wing,Paper Products,Household,Non-Consumable,2.12,15.6,14.6,1,0,2
Red Wing,Paper Products,Household,Non-Consumable,0.64,16.4,15.3,0,0,31
High Quality,Paper Products,Household,Non-Consumable,3.56,11.5,9.5,1,0,13
High Quality,Paper Products,Household,Non-Consumable,2.15,7.88,4.88,1,0,4
Denny,Paper Products,Household,Non-Consumable,3.95,8.94,6.93,1,0,17
Denny,Paper Products,Household,Non-Consumable,2.72,18.1,17.1,0,0,19
Cormorant,Paper Products,Household,Non-Consumable,1.83,8.73,6.72,0,0,18
High Quality,Paper Products,Household,Non-Consumable,1.66,7.26,5.26,0,0,24
Sunset,Paper Products,Household,Non-Consumable,1.43,10.2,7.19,0,0,5
Cormorant,Paper Products,Household,Non-Consumable,2.45,6.11,4.11,1,0,29
Denny,Paper Products,Household,Non-Consumable,3.45,18.6,16.6,1,0,15
Denny,Paper Products,Household,Non-Consumable,2.89,17.2,15.2,1,0,31
High Quality,Paper Products,Household,Non-Consumable,2.53,10.5,7.5,0,0,19
Nationeel,Snack Foods,Snack Foods,Food,2.39,15.5,13.5,1,1,9
Best Choice,Snack Foods,Snack Foods,Food,2.7,14.4,12.3,0,1,17
Fast,Snack Foods,Snack Foods,Food,1.45,19.1,16.1,1,1,35
Horatio,Snack Foods,Snack Foods,Food,2.77,18.7,16.7,0,0,23
Fort West,Snack Foods,Snack Foods,Food,2.13,11.0,10.0,1,1,20
Toucan,Fruit,Canned Products,Food,1.4,17.9,15.8,1,1,32
Applause,Fruit,Canned Products,Food,2.34,19.0,17.0,0,0,20
Swell,Fruit,Canned Products,Food,1.63,15.3,12.3,1,0,12
Green Ribbon,Fruit,Canned Products,Food,1.31,14.0,11.0,1,1,32
Big City,Fruit,Canned Products,Food,0.76,11.6,8.6,1,0,26
Toucan,Fruit,Canned Products,Food,1.38,16.8,15.7,0,0,3
Applause,Fruit,Canned Products,Food,2.8,6.96,3.96,1,1,2
Big City,Fruit,Canned Products,Food,1.17,17.8,16.7,1,0,33
Swell,Fruit,Canned Products,Food,2.34,8.62,7.61,0,1,3
Green Ribbon,Fruit,Canned Products,Food,3.11,17.5,15.5,1,0,5
Sphinx,Bread,Baked Goods,Food,1.83,16.0,14.0,1,0,5
Colony,Bread,Baked Goods,Food,1.17,8.72,6.72,0,1,13
Great,Bread,Baked Goods,Food,1.81,6.29,3.28,0,0,34
Fantastic,Bread,Baked Goods,Food,3.42,6.04,4.03,1,1,27
Modell,Bread,Baked Goods,Food,3.27,13.9,12.8,1,0,1
Better,Canned Tuna,Canned Foods,Food,1.5,14.2,13.1,1,1,26
Just Right,Canned Tuna,Canned Foods,Food,1.76,7.43,5.42,0,0,4
Bravo,Canned Tuna,Canned Foods,Food,1.67,10.7,9.69,1,0,23
Better,Canned Tuna,Canned Foods,Food,2.77,21.7,19.7,0,0,19
Blue Label,Canned Tuna,Canned Foods,Food,1.41,9.71,7.71,1,0,31
Blue Label,Canned Tuna,Canned Foods,Food,1.55,17.2,15.2,1,0,28
Pleasant,Canned Tuna,Canned Foods,Food,1.37,8.91,5.9,1,0,7
Just Right,Canned Tuna,Canned Foods,Food,1.28,9.48,8.47,0,1,16
Pleasant,Canned Tuna,Canned Foods,Food,2.96,6.41,3.4,1,0,16
Bravo,Canned Tuna,Canned Foods,Food,2.78,9.71,7.71,1,1,28
Cutting Edge,Meat,Deli,Food,1.53,18.2,17.2,0,1,9
Lake,Meat,Deli,Food,2.26,9.54,8.53,1,1,11
Red Spade,Meat,Deli,Food,3.56,16.0,14.0,1,1,2
Moms,Meat,Deli,Food,1.11,17.3,16.2,1,1,6
American,Meat,Deli,Food,2.52,19.9,18.8,0,1,13
Moms,Meat,Deli,Food,3.85,16.2,14.2,1,0,34
Red Spade,Meat,Deli,Food,2.95,20.3,18.2,1,1,21
Cutting Edge,Meat,Deli,Food,1.76,21.9,19.8,1,0,7
Cutting Edge,Meat,Deli,Food,1.44,6.68,5.67,0,1,34
Lake,Meat,Deli,Food,0.71,17.0,15.0,1,1,20
American,Meat,Deli,Food,2.74,21.9,18.8,1,0,9
Lake,Meat,Deli,Food,1.53,12.3,11.3,0,1,26
Red Spade,Meat,Deli,Food,1.86,6.15,4.15,0,1,27
American,Meat,Deli,Food,2.14,8.4,5.39,0,0,29
Moms,Meat,Deli,Food,1.49,11.3,10.3,1,0,32
National,Eggs,Eggs,Food,2.89,21.3,19.2,0,1,23
Blue Medal,Eggs,Eggs,Food,2.13,17.0,15.0,0,0,35
National,Eggs,Eggs,Food,3.74,21.3,19.2,0,1,24
Blue Medal,Eggs,Eggs,Food,1.32,12.4,10.3,0,1,9
Urban,Eggs,Eggs,Food,2.35,19.3,17.2,1,1,35
Jumbo,Eggs,Eggs,Food,0.75,8.94,6.93,0,0,23
Urban,Eggs,Eggs,Food,1.31,9.21,7.21,0,0,9
Urban,Eggs,Eggs,Food,3.74,10.3,8.3,1,0,34
National,Eggs,Eggs,Food,0.93,16.6,14.6,0,1,8
Giant,Eggs,Eggs,Food,1.71,9.05,7.05,0,1,20
Jumbo,Eggs,Eggs,Food,2.97,7.62,5.61,1,0,3
National,Eggs,Eggs,Food,1.17,17.0,15.0,0,1,34
Giant,Eggs,Eggs,Food,1.65,19.8,16.7,1,1,27
Giant,Eggs,Eggs,Food,2.26,12.2,10.1,0,1,35
Jumbo,Eggs,Eggs,Food,1.42,21.7,19.7,0,1,4
Jumbo,Eggs,Eggs,Food,3.84,21.9,18.8,0,1,29
Blue Medal,Eggs,Eggs,Food,3.63,17.1,14.1,0,0,31
Urban,Eggs,Eggs,Food,1.3,13.0,10.0,0,1,29
Blue Medal,Eggs,Eggs,Food,2.19,19.5,17.5,1,1,3
National,Eggs,Eggs,Food,2.19,18.0,17.0,1,1,11
Giant,Eggs,Eggs,Food,1.33,10.9,9.89,1,1,33
Urban,Eggs,Eggs,Food,1.79,14.1,12.1,0,0,27
Jumbo,Eggs,Eggs,Food,2.68,7.38,5.38,1,0,2
Giant,Eggs,Eggs,Food,3.84,18.8,16.7,0,0,33
Blue Medal,Eggs,Eggs,Food,2.8,14.7,12.6,0,1,13
Denny,Hardware,Household,Non-Consumable,2.38,14.7,11.6,0,0,4
High Quality,Hardware,Household,Non-Consumable,2.62,7.64,5.63,1,0,30
Cormorant,Hardware,Household,Non-Consumable,2.47,12.6,11.6,1,0,10
Red Wing,Hardware,Household,Non-Consumable,0.82,9.47,8.47,1,0,10
Cormorant,Hardware,Household,Non-Consumable,2.28,9.63,8.63,1,0,21
Denny,Hardware,Household,Non-Consumable,1.52,10.0,8.0,1,0,32
Sunset,Hardware,Household,Non-Consumable,1.72,17.3,15.2,0,0,14
High Quality,Hardware,Household,Non-Consumable,3.24,9.42,7.42,1,0,20
Red Wing,Hardware,Household,Non-Consumable,3.52,21.3,19.2,1,0,26
Sunset,Hardware,Household,Non-Consumable,1.83,19.6,17.6,1,0,15
Pleasant,Canned Sardines,Canned Foods,Food,1.87,13.2,11.1,1,1,29
Better,Canned Sardines,Canned Foods,Food,1.2,11.8,8.8,0,1,7
Blue Label,Canned Sardines,Canned Foods,Food,1.8,14.0,11.0,1,0,26
Just Right,Canned Sardines,Canned Foods,Food,0.79,6.89,4.88,1,1,24
Bravo,Canned Sardines,Canned Foods,Food,2.68,6.44,5.44,1,0,28
Just Right,Canned Clams,Canned Foods,Food,2.23,7.65,5.65,0,0,6
Better,Canned Clams,Canned Foods,Food,2.11,17.6,16.6,1,1,36
Pleasant,Canned Clams,Canned Foods,Food,0.79,9.65,7.64,1,0,14
Blue Label,Canned Clams,Canned Foods,Food,1.69,16.7,14.7,1,1,30
Bravo,Canned Clams,Canned Foods,Food,3.85,20.4,17.3,1,0,16
Nationeel,Snack Foods,Snack Foods,Food,2.51,9.31,6.31,0,1,7
Horatio,Snack Foods,Snack Foods,Food,3.82,18.5,16.5,1,0,29
Fort West,Snack Foods,Snack Foods,Food,1.44,21.2,19.2,0,1,32
Nationeel,Snack Foods,Snack Foods,Food,3.88,10.6,8.6,0,1,28
Fast,Snack Foods,Snack Foods,Food,1.51,6.84,3.84,0,1,35
Best Choice,Snack Foods,Snack Foods,Food,2.65,10.0,8.0,0,0,30
Horatio,Snack Foods,Snack Foods,Food,2.35,17.8,15.7,1,0,13
Fast,Snack Foods,Snack Foods,Food,0.51,12.3,11.3,1,1,26
Fort West,Snack Foods,Snack Foods,Food,1.46,18.3,16.2,1,1,24
Horatio,Snack Foods,Snack Foods,Food,2.98,15.1,13.1,0,0,15
Best Choice,Snack Foods,Snack Foods,Food,1.19,14.7,12.6,1,1,21
Best Choice,Snack Foods,Snack Foods,Food,2.23,13.6,10.6,0,0,33
Fast,Snack Foods,Snack Foods,Food,1.88,13.0,10.0,1,0,13
Nationeel,Snack Foods,Snack Foods,Food,0.69,8.63,6.63,0,1,15
Fort West,Snack Foods,Snack Foods,Food,2.66,9.31,7.31,0,1,7
Consolidated,Pain Relievers,Health and Hygiene,Non-Consumable,0.85,8.57,6.56,1,0,27
Faux Products,Pain Relievers,Health and Hygiene,Non-Consumable,3.84,12.4,9.39,0,0,21
Steady,Pain Relievers,Health and Hygiene,Non-Consumable,1.42,19.1,18.1,0,0,17
Steady,Pain Relievers,Health and Hygiene,Non-Consumable,1.74,10.8,8.8,1,0,28
Hilltop,Pain Relievers,Health and Hygiene,Non-Consumable,2.47,6.4,4.4,1,0,33
Bird Call,Pain Relievers,Health and Hygiene,Non-Consumable,2.87,19.9,17.8,0,0,5
Faux Products,Pain Relievers,Health and Hygiene,Non-Consumable,1.99,12.5,10.5,0,0,9
Bird Call,Pain Relievers,Health and Hygiene,Non-Consumable,1.66,15.4,13.3,0,0,2
Hilltop,Pain Relievers,Health and Hygiene,Non-Consumable,2.49,6.49,4.48,1,0,10
Consolidated,Pain Relievers,Health and Hygiene,Non-Consumable,3.91,13.0,11.0,1,0,1
Nationeel,Snack Foods,Snack Foods,Food,1.85,10.4,7.39,1,1,18
Best Choice,Snack Foods,Snack Foods,Food,3.44,16.2,14.2,0,0,13
Fast,Snack Foods,Snack Foods,Food,3.21,7.87,5.86,1,0,6
Nationeel,Snack Foods,Snack Foods,Food,2.73,9.7,8.69,0,0,29
Horatio,Snack Foods,Snack Foods,Food,0.82,16.4,15.3,1,0,14
Fort West,Snack Foods,Snack Foods,Food,3.88,16.1,14.1,1,1,10
Fort West,Snack Foods,Snack Foods,Food,1.26,12.2,11.1,1,1,17
Best Choice,Snack Foods,Snack Foods,Food,2.52,20.6,18.6,1,1,15
Fort West,Snack Foods,Snack Foods,Food,2.15,16.0,15.0,1,0,30
Nationeel,Snack Foods,Snack Foods,Food,3.2,18.9,16.8,1,0,33
Fast,Snack Foods,Snack Foods,Food,1.82,21.8,20.7,1,0,20
Fast,Snack Foods,Snack Foods,Food,3.76,9.41,6.4,1,0,24
Best Choice,Snack Foods,Snack Foods,Food,2.55,12.2,10.1,0,1,7
Best Choice,Snack Foods,Snack Foods,Food,3.89,19.8,16.7,0,0,7
Fast,Snack Foods,Snack Foods,Food,0.6,16.9,14.8,0,1,21
Nationeel,Snack Foods,Snack Foods,Food,3.84,19.7,17.7,1,0,4
Fast,Snack Foods,Snack Foods,Food,2.19,17.7,15.7,0,1,9
Fort West,Snack Foods,Snack Foods,Food,2.13,19.3,17.2,0,0,35
Horatio,Snack Foods,Snack Foods,Food,3.78,10.5,8.5,0,0,28
Nationeel,Snack Foods,Snack Foods,Food,1.37,17.0,16.0,1,0,34
Best Choice,Snack Foods,Snack Foods,Food,0.86,7.13,6.13,0,1,33
Fort West,Snack Foods,Snack Foods,Food,1.73,13.3,11.3,1,0,12
Horatio,Snack Foods,Snack Foods,Food,1.82,9.16,8.15,1,1,23
Horatio,Snack Foods,Snack Foods,Food,3.36,20.4,18.3,1,0,12
Horatio,Snack Foods,Snack Foods,Food,1.32,14.2,12.1,0,1,35
Great,Bread,Baked Goods,Food,3.36,8.55,5.55,1,1,2
Colony,Bread,Baked Goods,Food,2.48,12.7,11.6,1,0,30
Great,Bread,Baked Goods,Food,2.41,11.5,9.5,0,1,24
Great,Bread,Baked Goods,Food,2.82,6.44,5.44,0,1,18
Modell,Bread,Baked Goods,Food,2.44,7.28,4.28,1,0,27
Great,Bread,Baked Goods,Food,2.63,10.1,8.1,1,1,28
Fantastic,Bread,Baked Goods,Food,2.33,20.5,18.5,0,0,25
Fantastic,Bread,Baked Goods,Food,0.69,18.6,16.6,1,1,19
Fantastic,Bread,Baked Goods,Food,0.63,11.6,9.6,0,0,26
Colony,Bread,Baked Goods,Food,1.54,7.55,5.55,0,0,35
Fantastic,Bread,Baked Goods,Food,1.5,7.94,4.94,1,0,28
Colony,Bread,Baked Goods,Food,2.65,16.4,15.3,1,0,35
Sphinx,Bread,Baked Goods,Food,2.36,7.55,5.55,1,1,3
Modell,Bread,Baked Goods,Food,3.46,14.7,12.6,0,0,36
Modell,Bread,Baked Goods,Food,1.27,14.2,12.1,0,0,3
Sphinx,Bread,Baked Goods,Food,1.46,6.26,4.26,1,1,27
Sphinx,Bread,Baked Goods,Food,1.27,18.1,16.1,0,0,11
Modell,Bread,Baked Goods,Food,1.65,15.3,14.3,0,1,16
Sphinx,Bread,Baked Goods,Food,2.11,13.8,11.8,0,1,18
Colony,Bread,Baked Goods,Food,1.93,6.14,3.13,0,0,33
Cutting Edge,Side Dishes,Deli,Food,1.33,8.47,7.47,1,1,35
Moms,Side Dishes,Deli,Food,2.33,10.3,8.3,1,1,23
Lake,Side Dishes,Deli,Food,1.68,13.2,10.1,0,1,33
Cutting Edge,Side Dishes,Deli,Food,2.85,9.66,6.65,0,0,34
Moms,Side Dishes,Deli,Food,2.23,16.9,13.8,1,1,15
American,Side Dishes,Deli,Food,2.27,7.26,5.26,0,1,5
Red Spade,Side Dishes,Deli,Food,3.1,16.7,14.7,1,1,6
Lake,Side Dishes,Deli,Food,0.93,14.4,12.3,1,0,4
Red Spade,Side Dishes,Deli,Food,0.68,16.9,14.8,0,1,26
Cutting Edge,Side Dishes,Deli,Food,1.55,6.19,4.19,1,1,23
Lake,Side Dishes,Deli,Food,3.31,13.5,11.5,0,0,29
Red Spade,Side Dishes,Deli,Food,0.97,8.83,6.82,0,0,6
American,Side Dishes,Deli,Food,0.89,19.9,17.8,0,0,3
Moms,Side Dishes,Deli,Food,1.22,21.4,19.3,1,1,6
American,Side Dishes,Deli,Food,1.55,20.7,18.7,1,1,4
Steady,Bathroom Products,Health and Hygiene,Non-Consumable,0.96,19.9,18.8,0,0,11
Hilltop,Bathroom Products,Health and Hygiene,Non-Consumable,3.38,13.7,10.6,1,0,20
Consolidated,Bathroom Products,Health and Hygiene,Non-Consumable,2.47,11.7,10.6,0,0,14
Bird Call,Bathroom Products,Health and Hygiene,Non-Consumable,2.76,14.4,11.3,1,0,26
Faux Products,Bathroom Products,Health and Hygiene,Non-Consumable,2.26,12.9,9.89,0,0,23
Good,Beer and Wine,Alcoholic Beverages,Drink,1.62,6.89,5.88,0,0,13
Pearl,Beer and Wine,Alcoholic Beverages,Drink,1.86,10.3,8.3,0,0,11
Portsmouth,Beer and Wine,Alcoholic Beverages,Drink,3.79,16.3,15.2,1,0,5
Pearl,Beer and Wine,Alcoholic Beverages,Drink,0.91,11.6,8.6,0,0,33
Top Measure,Beer and Wine,Alcoholic Beverages,Drink,1.1,11.8,9.8,1,0,28
Walrus,Beer and Wine,Alcoholic Beverages,Drink,2.59,17.6,15.6,0,0,31
Walrus,Beer and Wine,Alcoholic Beverages,Drink,2.62,6.11,3.11,1,0,31
Portsmouth,Beer and Wine,Alcoholic Beverages,Drink,2.16,16.2,13.2,1,0,20
Good,Beer and Wine,Alcoholic Beverages,Drink,2.18,9.35,6.35,0,0,33
Top Measure,Beer and Wine,Alcoholic Beverages,Drink,1.14,12.8,10.8,0,0,24
Steady,Pain Relievers,Health and Hygiene,Non-Consumable,2.83,11.8,9.8,1,0,18
Hilltop,Pain Relievers,Health and Hygiene,Non-Consumable,3.6,8.77,7.77,1,0,5
Consolidated,Pain Relievers,Health and Hygiene,Non-Consumable,3.98,10.0,8.0,1,0,12
Bird Call,Pain Relievers,Health and Hygiene,Non-Consumable,2.38,19.0,17.0,1,0,16
Faux Products,Pain Relievers,Health and Hygiene,Non-Consumable,1.21,13.3,10.3,1,0,8
Golden,Breakfast Foods,Frozen Foods,Food,0.62,7.9,4.9,1,0,1
Big Time,Breakfast Foods,Frozen Foods,Food,0.7,13.9,11.8,0,0,30
Imagine,Breakfast Foods,Frozen Foods,Food,3.87,7.2,4.19,1,0,27
Imagine,Breakfast Foods,Frozen Foods,Food,1.63,8.41,7.4,1,0,1
Big Time,Breakfast Foods,Frozen Foods,Food,3.69,19.6,17.6,0,0,33
PigTail,Breakfast Foods,Frozen Foods,Food,0.51,14.7,12.6,0,0,26
Carrington,Breakfast Foods,Frozen Foods,Food,2.87,13.7,11.6,1,1,36
Carrington,Breakfast Foods,Frozen Foods,Food,2.74,10.3,8.3,1,0,29
Imagine,Breakfast Foods,Frozen Foods,Food,1.81,6.27,5.26,0,0,3
PigTail,Breakfast Foods,Frozen Foods,Food,2.13,11.2,9.19,1,0,7
Carrington,Breakfast Foods,Frozen Foods,Food,1.31,10.4,8.39,1,1,32
Big Time,Breakfast Foods,Frozen Foods,Food,1.12,21.5,19.5,1,0,14
Carrington,Breakfast Foods,Frozen Foods,Food,0.57,7.64,5.63,0,1,22
Golden,Breakfast Foods,Frozen Foods,Food,0.77,10.2,8.19,0,1,2
PigTail,Breakfast Foods,Frozen Foods,Food,0.55,15.9,14.8,0,0,29
Golden,Breakfast Foods,Frozen Foods,Food,0.86,7.86,6.86,1,0,6
Big Time,Breakfast Foods,Frozen Foods,Food,0.87,10.2,8.19,0,0,29
Golden,Breakfast Foods,Frozen Foods,Food,2.7,21.3,18.2,0,1,25
PigTail,Breakfast Foods,Frozen Foods,Food,2.24,17.6,16.6,1,0,11
Imagine,Breakfast Foods,Frozen Foods,Food,1.19,15.3,13.3,1,0,1
Nationeel,Snack Foods,Snack Foods,Food,2.34,17.0,15.0,1,1,31
Horatio,Snack Foods,Snack Foods,Food,1.71,9.63,7.63,1,1,11
Best Choice,Snack Foods,Snack Foods,Food,1.97,8.17,5.17,0,1,32
Fast,Snack Foods,Snack Foods,Food,1.68,10.5,9.5,1,0,34
Fort West,Snack Foods,Snack Foods,Food,0.95,13.8,12.8,1,0,6
Golden,Vegetables,Frozen Foods,Food,2.97,14.2,13.1,0,1,3
Big Time,Vegetables,Frozen Foods,Food,1.43,9.57,8.56,1,0,34
Imagine,Vegetables,Frozen Foods,Food,2.89,13.8,10.8,1,0,3
PigTail,Vegetables,Frozen Foods,Food,2.31,6.88,4.88,1,0,29
Carrington,Vegetables,Frozen Foods,Food,2.22,16.1,14.1,1,0,29
Golden,Vegetables,Frozen Foods,Food,0.72,20.6,18.6,0,1,13
Golden,Vegetables,Frozen Foods,Food,1.59,20.5,17.5,0,0,4
Big Time,Vegetables,Frozen Foods,Food,1.35,12.0,9.0,0,0,5
Big Time,Vegetables,Frozen Foods,Food,1.38,18.9,15.8,1,1,14
PigTail,Vegetables,Frozen Foods,Food,3.95,7.54,6.53,1,0,9
Imagine,Vegetables,Frozen Foods,Food,3.68,9.79,8.78,1,1,33
Carrington,Vegetables,Frozen Foods,Food,0.92,6.87,5.86,0,0,7
Carrington,Vegetables,Frozen Foods,Food,2.41,8.15,6.14,0,0,7
Imagine,Vegetables,Frozen Foods,Food,0.51,17.6,14.6,1,1,30
PigTail,Vegetables,Frozen Foods,Food,0.81,9.94,7.93,0,0,13
Musial,Candy,Snacks,Food,1.66,8.49,6.48,1,0,19
Atomic,Candy,Snacks,Food,3.33,11.2,8.19,0,1,18
Thresher,Candy,Snacks,Food,1.11,11.7,9.69,1,1,9
Gulf Coast,Candy,Snacks,Food,3.43,13.2,10.1,0,0,5
Choice,Candy,Snacks,Food,0.53,6.89,5.88,0,1,5
Nationeel,Snack Foods,Snack Foods,Food,2.98,10.8,7.8,1,1,25
Fast,Snack Foods,Snack Foods,Food,3.74,8.42,6.42,1,0,21
Best Choice,Snack Foods,Snack Foods,Food,0.82,8.71,6.71,0,1,11
Fort West,Snack Foods,Snack Foods,Food,2.7,16.3,14.2,1,1,25
Horatio,Snack Foods,Snack Foods,Food,2.63,12.6,9.6,0,0,29
Nationeel,Snack Foods,Snack Foods,Food,1.33,7.17,6.17,0,1,18
Best Choice,Snack Foods,Snack Foods,Food,2.91,21.5,20.5,1,0,24
Horatio,Snack Foods,Snack Foods,Food,2.21,18.5,17.5,0,0,20
Fort West,Snack Foods,Snack Foods,Food,1.4,9.14,6.14,0,1,33
Fast,Snack Foods,Snack Foods,Food,0.55,18.6,16.6,1,1,25
Dollar,Magazines,Periodicals,Non-Consumable,1.69,13.2,12.1,0,0,13
Mighty Good,Magazines,Periodicals,Non-Consumable,2.7,18.3,17.2,0,0,4
Robust,Magazines,Periodicals,Non-Consumable,1.98,19.5,17.5,1,0,29
Gauss,Magazines,Periodicals,Non-Consumable,1.61,13.3,12.3,0,0,10
Excel,Magazines,Periodicals,Non-Consumable,2.15,8.39,6.39,0,0,16
Bravo,Vegetables,Canned Foods,Food,2.59,9.63,7.63,0,1,20
Just Right,Vegetables,Canned Foods,Food,1.2,10.0,9.0,1,1,13
Better,Vegetables,Canned Foods,Food,1.32,17.9,16.8,0,1,33
Just Right,Vegetables,Canned Foods,Food,2.15,18.0,16.0,0,1,23
Blue Label,Vegetables,Canned Foods,Food,2.29,15.0,14.0,0,0,31
Just Right,Vegetables,Canned Foods,Food,2.49,8.02,5.02,1,0,20
Blue Label,Vegetables,Canned Foods,Food,3.91,21.9,20.8,1,0,33
Bravo,Vegetables,Canned Foods,Food,1.55,17.5,15.5,1,1,17
Better,Vegetables,Canned Foods,Food,2.83,15.9,13.8,0,0,22
Just Right,Vegetables,Canned Foods,Food,1.36,19.7,18.7,1,0,34
Bravo,Vegetables,Canned Foods,Food,0.87,13.4,11.3,0,0,32
Better,Vegetables,Canned Foods,Food,0.6,8.6,7.6,0,1,26
Just Right,Vegetables,Canned Foods,Food,3.83,15.2,13.1,0,0,3
Better,Vegetables,Canned Foods,Food,1.4,21.3,19.2,1,1,31
Bravo,Vegetables,Canned Foods,Food,3.28,16.2,14.2,0,0,18
Better,Vegetables,Canned Foods,Food,1.74,10.9,8.89,1,1,22
Blue Label,Vegetables,Canned Foods,Food,3.83,21.2,18.2,0,1,31
Pleasant,Vegetables,Canned Foods,Food,2.54,19.9,17.8,1,0,25
Pleasant,Vegetables,Canned Foods,Food,1.18,10.0,8.0,0,0,27
Blue Label,Vegetables,Canned Foods,Food,2.78,21.3,19.2,0,1,22
Better,Vegetables,Canned Foods,Food,1.26,11.6,10.6,1,0,26
Blue Label,Vegetables,Canned Foods,Food,2.67,12.6,10.6,1,0,26
Just Right,Vegetables,Canned Foods,Food,1.74,8.66,6.65,1,0,32
Pleasant,Vegetables,Canned Foods,Food,1.6,7.5,6.5,1,0,30
Bravo,Vegetables,Canned Foods,Food,3.15,6.8,5.8,1,0,22
Pleasant,Vegetables,Canned Foods,Food,0.72,9.71,7.71,1,0,26
Pleasant,Vegetables,Canned Foods,Food,3.5,6.12,3.11,1,1,13
Bravo,Vegetables,Canned Foods,Food,1.66,7.39,6.38,1,1,21
Pleasant,Vegetables,Canned Foods,Food,3.97,11.5,8.5,0,0,16
Blue Label,Vegetables,Canned Foods,Food,2.99,6.91,3.9,1,1,34
Big Time,Frozen Entrees,Frozen Foods,Food,2.2,15.7,14.6,1,1,19
Imagine,Frozen Entrees,Frozen Foods,Food,2.32,15.0,13.0,1,1,13
Carrington,Frozen Entrees,Frozen Foods,Food,3.68,10.2,9.19,0,1,14
Golden,Frozen Entrees,Frozen Foods,Food,2.11,10.7,9.69,1,1,35
PigTail,Frozen Entrees,Frozen Foods,Food,2.91,21.9,19.8,1,0,23
Imagine,Frozen Entrees,Frozen Foods,Food,0.86,9.18,7.18,0,1,10
PigTail,Frozen Entrees,Frozen Foods,Food,2.14,14.5,13.5,1,1,35
Golden,Frozen Entrees,Frozen Foods,Food,1.83,9.43,6.43,0,0,33
Big Time,Frozen Entrees,Frozen Foods,Food,3.91,10.9,8.89,1,1,15
Carrington,Frozen Entrees,Frozen Foods,Food,1.77,21.2,20.2,1,1,2
Golden,Frozen Entrees,Frozen Foods,Food,0.59,18.3,16.2,1,0,26
Carrington,Frozen Entrees,Frozen Foods,Food,2.35,9.06,6.06,1,0,2
PigTail,Frozen Entrees,Frozen Foods,Food,1.11,18.4,16.3,1,0,17
Big Time,Frozen Entrees,Frozen Foods,Food,3.21,6.35,5.34,0,1,34
Imagine,Frozen Entrees,Frozen Foods,Food,2.45,14.4,13.3,1,1,32
Tip Top,Seafood,Seafood,Food,3.6,21.3,20.2,1,1,22
Dual City,Seafood,Seafood,Food,1.7,12.7,10.6,1,0,3
Curlew,Seafood,Seafood,Food,2.58,6.87,3.86,0,1,4
Kiwi,Seafood,Seafood,Food,2.38,11.9,8.89,0,0,15
Amigo,Seafood,Seafood,Food,2.79,7.92,6.92,0,1,9
Choice,Candy,Snacks,Food,1.9,18.4,17.3,1,0,20
Atomic,Candy,Snacks,Food,3.16,7.79,5.78,1,1,33
Choice,Candy,Snacks,Food,1.72,18.6,16.6,1,0,27
Gulf Coast,Candy,Snacks,Food,1.84,18.9,16.8,1,0,14
Thresher,Candy,Snacks,Food,1.81,7.2,5.19,0,0,7
Thresher,Candy,Snacks,Food,3.65,11.1,8.1,0,0,34
Gulf Coast,Candy,Snacks,Food,3.54,10.9,7.89,1,0,33
Musial,Candy,Snacks,Food,3.14,10.3,7.3,0,0,15
Musial,Candy,Snacks,Food,2.92,14.6,12.6,0,0,5
Atomic,Candy,Snacks,Food,2.16,17.5,15.5,0,1,32
High Quality,Kitchen Products,Household,Non-Consumable,2.81,20.7,19.7,1,0,17
Sunset,Kitchen Products,Household,Non-Consumable,2.71,18.0,15.0,0,0,12
Denny,Kitchen Products,Household,Non-Consumable,3.81,20.6,18.6,1,0,26
Cormorant,Kitchen Products,Household,Non-Consumable,3.72,17.7,15.7,1,0,8
Red Wing,Kitchen Products,Household,Non-Consumable,2.63,8.79,5.78,0,0,23
Imagine,Pizza,Frozen Foods,Food,2.7,16.2,15.2,1,0,33
PigTail,Pizza,Frozen Foods,Food,1.68,6.06,3.05,0,1,30
PigTail,Pizza,Frozen Foods,Food,1.21,10.1,8.1,1,1,13
Imagine,Pizza,Frozen Foods,Food,0.57,16.9,14.8,1,1,16
Carrington,Pizza,Frozen Foods,Food,3.73,18.5,15.5,0,0,5
Golden,Pizza,Frozen Foods,Food,0.83,17.1,16.1,1,0,25
Big Time,Pizza,Frozen Foods,Food,0.8,15.5,12.5,1,1,7
Carrington,Pizza,Frozen Foods,Food,3.45,19.2,18.2,1,1,12
Big Time,Pizza,Frozen Foods,Food,1.25,6.98,3.98,1,0,35
Golden,Pizza,Frozen Foods,Food,1.78,19.0,17.0,1,0,19
PigTail,Pizza,Frozen Foods,Food,1.45,18.7,16.7,0,0,14
Big Time,Pizza,Frozen Foods,Food,1.55,13.6,11.6,1,1,33
Golden,Pizza,Frozen Foods,Food,0.96,16.4,14.3,1,0,21
Carrington,Pizza,Frozen Foods,Food,3.39,18.8,17.7,1,0,17
Imagine,Pizza,Frozen Foods,Food,1.55,6.88,4.88,1,1,24
Golden,Pizza,Frozen Foods,Food,2.68,12.8,10.8,1,1,17
Big Time,Pizza,Frozen Foods,Food,1.13,9.16,7.15,1,1,8
Imagine,Pizza,Frozen Foods,Food,3.46,11.0,9.0,0,1,25
Carrington,Pizza,Frozen Foods,Food,2.57,12.1,11.1,1,1,35
PigTail,Pizza,Frozen Foods,Food,2.64,12.6,9.6,1,1,10
Radius,Breakfast Foods,Breakfast Foods,Food,2.53,13.1,10.1,1,1,12
Best,Breakfast Foods,Breakfast Foods,Food,2.47,8.87,6.86,1,0,5
Jeffers,Breakfast Foods,Breakfast Foods,Food,2.29,21.3,20.2,0,1,14
Johnson,Breakfast Foods,Breakfast Foods,Food,0.76,11.1,10.1,0,1,6
Jeffers,Breakfast Foods,Breakfast Foods,Food,1.54,8.9,6.89,1,1,14
Johnson,Breakfast Foods,Breakfast Foods,Food,0.83,10.5,7.5,0,1,25
Radius,Breakfast Foods,Breakfast Foods,Food,0.86,8.4,7.39,0,1,2
Jeffers,Breakfast Foods,Breakfast Foods,Food,1.93,21.6,20.6,1,1,33
Johnson,Breakfast Foods,Breakfast Foods,Food,2.35,21.2,19.2,0,1,6
Special,Breakfast Foods,Breakfast Foods,Food,2.91,21.8,19.7,1,0,10
Special,Breakfast Foods,Breakfast Foods,Food,3.47,9.56,6.56,0,0,25
Jeffers,Breakfast Foods,Breakfast Foods,Food,2.65,10.4,7.39,0,0,20
Radius,Breakfast Foods,Breakfast Foods,Food,2.64,12.2,9.19,0,1,19
Best,Breakfast Foods,Breakfast Foods,Food,1.97,7.43,5.42,0,0,13
Best,Breakfast Foods,Breakfast Foods,Food,3.5,15.4,12.3,0,1,19
Johnson,Breakfast Foods,Breakfast Foods,Food,0.6,18.3,16.2,1,1,17
Special,Breakfast Foods,Breakfast Foods,Food,2.74,17.0,16.0,1,1,17
Special,Breakfast Foods,Breakfast Foods,Food,1.93,16.1,15.1,1,0,17
Radius,Breakfast Foods,Breakfast Foods,Food,1.38,7.92,5.92,0,1,34
Best,Breakfast Foods,Breakfast Foods,Food,1.51,19.1,18.1,1,0,29
Consolidated,Cold Remedies,Health and Hygiene,Non-Consumable,2.19,11.0,9.0,0,0,26
Faux Products,Cold Remedies,Health and Hygiene,Non-Consumable,1.55,9.49,7.48,1,0,23
Hilltop,Cold Remedies,Health and Hygiene,Non-Consumable,0.73,12.9,9.89,1,0,6
Bird Call,Cold Remedies,Health and Hygiene,Non-Consumable,2.89,17.3,16.2,0,0,4
Steady,Cold Remedies,Health and Hygiene,Non-Consumable,3.5,21.8,20.7,1,0,1
Steady,Cold Remedies,Health and Hygiene,Non-Consumable,0.67,19.2,17.2,1,0,26
Faux Products,Cold Remedies,Health and Hygiene,Non-Consumable,0.53,14.5,12.5,0,0,26
Hilltop,Cold Remedies,Health and Hygiene,Non-Consumable,2.83,10.6,8.6,1,0,4
Bird Call,Cold Remedies,Health and Hygiene,Non-Consumable,1.74,12.8,10.8,1,0,35
Consolidated,Cold Remedies,Health and Hygiene,Non-Consumable,1.95,15.5,12.5,0,0,29
Hilltop,Bathroom Products,Health and Hygiene,Non-Consumable,3.62,19.3,16.2,0,0,32
Steady,Bathroom Products,Health and Hygiene,Non-Consumable,2.24,21.1,20.1,0,0,8
Consolidated,Bathroom Products,Health and Hygiene,Non-Consumable,1.89,16.5,13.5,1,0,5
Bird Call,Bathroom Products,Health and Hygiene,Non-Consumable,2.11,16.5,13.5,0,0,4
Bird Call,Bathroom Products,Health and Hygiene,Non-Consumable,0.57,18.0,15.0,0,0,24
Faux Products,Bathroom Products,Health and Hygiene,Non-Consumable,2.23,21.3,20.2,1,0,10
Hilltop,Bathroom Products,Health and Hygiene,Non-Consumable,1.92,9.26,8.26,0,0,15
Steady,Bathroom Products,Health and Hygiene,Non-Consumable,0.57,13.7,10.6,1,0,6
Faux Products,Bathroom Products,Health and Hygiene,Non-Consumable,2.4,19.1,16.1,0,0,26
Consolidated,Bathroom Products,Health and Hygiene,Non-Consumable,0.85,14.7,12.6,0,0,29
Excel,Magazines,Periodicals,Non-Consumable,0.55,21.0,19.0,0,0,24
Gauss,Magazines,Periodicals,Non-Consumable,3.8,13.7,10.6,1,0,12
Dollar,Magazines,Periodicals,Non-Consumable,0.86,19.1,18.1,1,0,7
Mighty Good,Magazines,Periodicals,Non-Consumable,2.45,15.0,14.0,0,0,8
Robust,Magazines,Periodicals,Non-Consumable,2.47,11.2,10.1,1,0,31
Cormorant,Kitchen Products,Household,Non-Consumable,3.95,7.24,5.23,0,0,31
Red Wing,Kitchen Products,Household,Non-Consumable,2.9,7.57,5.57,1,0,15
High Quality,Kitchen Products,Household,Non-Consumable,2.15,9.01,8.01,0,0,6
Sunset,Kitchen Products,Household,Non-Consumable,2.65,9.92,7.92,0,0,29
Denny,Kitchen Products,Household,Non-Consumable,1.71,10.1,8.1,0,0,14
Blue Label,Canned Anchovies,Canned Foods,Food,1.36,8.27,6.27,0,1,16
Better,Canned Anchovies,Canned Foods,Food,2.28,10.5,7.5,1,1,24
Pleasant,Canned Anchovies,Canned Foods,Food,3.44,9.42,7.42,1,1,30
Just Right,Canned Anchovies,Canned Foods,Food,2.85,10.1,7.1,1,1,9
Bravo,Canned Anchovies,Canned Foods,Food,2.31,8.33,5.32,0,1,5
Hilltop,Bathroom Products,Health and Hygiene,Non-Consumable,3.55,18.6,16.6,1,0,14
Steady,Bathroom Products,Health and Hygiene,Non-Consumable,1.8,11.5,8.5,1,0,32
Bird Call,Bathroom Products,Health and Hygiene,Non-Consumable,2.28,16.2,15.2,1,0,1
Steady,Bathroom Products,Health and Hygiene,Non-Consumable,2.35,11.3,9.3,0,0,13
Bird Call,Bathroom Products,Health and Hygiene,Non-Consumable,1.43,18.9,16.8,1,0,35
Faux Products,Bathroom Products,Health and Hygiene,Non-Consumable,2.28,20.1,19.1,0,0,7
Hilltop,Bathroom Products,Health and Hygiene,Non-Consumable,2.38,16.0,13.0,1,0,16
Bird Call,Bathroom Products,Health and Hygiene,Non-Consumable,2.93,15.3,14.3,1,0,25
Consolidated,Bathroom Products,Health and Hygiene,Non-Consumable,0.73,16.2,14.2,0,0,4
Hilltop,Bathroom Products,Health and Hygiene,Non-Consumable,3.57,16.3,13.2,0,0,19
Steady,Bathroom Products,Health and Hygiene,Non-Consumable,1.51,12.0,10.0,1,0,7
Faux Products,Bathroom Products,Health and Hygiene,Non-Consumable,1.48,8.27,6.27,1,0,20
Consolidated,Bathroom Products,Health and Hygiene,Non-Consumable,1.97,12.5,10.5,0,0,13
Faux Products,Bathroom Products,Health and Hygiene,Non-Consumable,2.98,11.6,8.6,1,0,21
Consolidated,Bathroom Products,Health and Hygiene,Non-Consumable,0.96,9.42,7.42,1,0,27
Skinner,Drinks,Beverages,Drink,2.28,21.8,19.7,0,0,24
Fabulous,Drinks,Beverages,Drink,2.84,14.5,12.5,0,0,23
Excellent,Drinks,Beverages,Drink,1.85,9.26,7.26,0,1,22
Skinner,Drinks,Beverages,Drink,0.67,7.11,5.11,0,1,16
Skinner,Drinks,Beverages,Drink,3.58,11.4,8.39,1,0,28
Fabulous,Drinks,Beverages,Drink,3.95,18.3,16.2,0,0,35
Token,Drinks,Beverages,Drink,0.74,15.6,13.6,1,0,33
Washington,Drinks,Beverages,Drink,0.74,7.42,4.42,0,1,18
Token,Drinks,Beverages,Drink,2.46,20.4,18.3,1,1,16
Excellent,Drinks,Beverages,Drink,2.85,7.12,5.11,0,1,16
Washington,Drinks,Beverages,Drink,3.51,20.0,19.0,0,1,3
Token,Drinks,Beverages,Drink,1.61,13.8,10.8,1,0,18
Fabulous,Drinks,Beverages,Drink,2.51,10.6,8.6,1,0,32
Excellent,Drinks,Beverages,Drink,2.98,12.8,10.8,0,0,28
Washington,Drinks,Beverages,Drink,0.83,13.1,11.1,1,1,17
Red Wing,Cleaning Supplies,Household,Non-Consumable,1.68,10.4,7.39,1,0,11
Denny,Cleaning Supplies,Household,Non-Consumable,0.51,20.3,18.2,1,0,2
Cormorant,Cleaning Supplies,Household,Non-Consumable,1.92,19.6,16.6,0,0,36
High Quality,Cleaning Supplies,Household,Non-Consumable,2.19,21.8,20.7,1,0,27
Denny,Cleaning Supplies,Household,Non-Consumable,2.32,8.48,6.47,0,0,11
Red Wing,Cleaning Supplies,Household,Non-Consumable,0.93,14.0,12.0,0,0,3
Red Wing,Cleaning Supplies,Household,Non-Consumable,2.92,19.4,18.3,1,0,24
Sunset,Cleaning Supplies,Household,Non-Consumable,1.85,16.4,14.3,1,0,19
Cormorant,Cleaning Supplies,Household,Non-Consumable,3.81,15.9,13.8,0,0,32
High Quality,Cleaning Supplies,Household,Non-Consumable,2.91,9.51,7.51,0,0,31
High Quality,Cleaning Supplies,Household,Non-Consumable,1.91,21.9,18.8,1,0,10
Cormorant,Cleaning Supplies,Household,Non-Consumable,0.62,20.1,18.1,1,0,3
Sunset,Cleaning Supplies,Household,Non-Consumable,1.16,20.9,19.8,1,0,26
Sunset,Cleaning Supplies,Household,Non-Consumable,0.83,21.0,18.0,0,0,2
Denny,Cleaning Supplies,Household,Non-Consumable,2.46,9.39,7.39,0,0,5
Moms,Meat,Deli,Food,1.62,10.2,8.19,1,1,27
American,Meat,Deli,Food,2.97,12.3,10.3,1,0,33
Red Spade,Meat,Deli,Food,2.76,21.8,20.7,0,0,7
Lake,Meat,Deli,Food,2.66,21.2,19.2,0,1,27
Cutting Edge,Meat,Deli,Food,1.99,15.6,14.6,0,1,25
Consolidated,Hygiene,Health and Hygiene,Non-Consumable,1.28,11.6,9.6,1,0,2
Faux Products,Hygiene,Health and Hygiene,Non-Consumable,0.65,20.6,18.6,1,0,33
Steady,Hygiene,Health and Hygiene,Non-Consumable,0.6,11.5,10.5,0,0,30
Steady,Hygiene,Health and Hygiene,Non-Consumable,0.67,8.43,7.43,0,0,6
Hilltop,Hygiene,Health and Hygiene,Non-Consumable,2.76,17.2,15.2,0,0,30
Consolidated,Hygiene,Health and Hygiene,Non-Consumable,2.38,10.7,8.69,1,0,2
Faux Products,Hygiene,Health and Hygiene,Non-Consumable,3.97,8.33,5.32,1,0,8
Bird Call,Hygiene,Health and Hygiene,Non-Consumable,1.85,18.5,15.5,0,0,8
Bird Call,Hygiene,Health and Hygiene,Non-Consumable,1.62,17.6,15.6,0,0,9
Bird Call,Hygiene,Health and Hygiene,Non-Consumable,1.48,14.0,11.0,0,0,34
Consolidated,Hygiene,Health and Hygiene,Non-Consumable,2.13,10.1,7.1,0,0,23
Hilltop,Hygiene,Health and Hygiene,Non-Consumable,1.6,19.8,17.7,1,0,29
Faux Products,Hygiene,Health and Hygiene,Non-Consumable,0.92,20.6,19.6,0,0,31
Bird Call,Hygiene,Health and Hygiene,Non-Consumable,1.4,17.0,16.0,0,0,29
Steady,Hygiene,Health and Hygiene,Non-Consumable,2.14,8.89,5.89,0,0,26
Hilltop,Hygiene,Health and Hygiene,Non-Consumable,2.66,8.5,6.5,0,0,6
Steady,Hygiene,Health and Hygiene,Non-Consumable,1.28,9.18,6.18,0,0,29
Consolidated,Hygiene,Health and Hygiene,Non-Consumable,1.85,7.12,4.11,1,0,34
Hilltop,Hygiene,Health and Hygiene,Non-Consumable,0.53,6.18,4.17,1,0,24
Faux Products,Hygiene,Health and Hygiene,Non-Consumable,2.75,9.24,7.23,0,0,31
Carrington,Vegetables,Frozen Foods,Food,1.6,11.9,9.89,0,0,10
Golden,Vegetables,Frozen Foods,Food,2.19,11.9,9.89,1,1,34
Big Time,Vegetables,Frozen Foods,Food,3.57,8.5,6.5,0,0,10
Imagine,Vegetables,Frozen Foods,Food,1.72,17.7,15.7,1,1,4
PigTail,Vegetables,Frozen Foods,Food,1.91,6.99,4.98,0,0,12
Imagine,Vegetables,Frozen Foods,Food,1.89,17.1,15.1,0,1,26
Big Time,Vegetables,Frozen Foods,Food,3.32,7.2,6.19,1,0,21
Big Time,Vegetables,Frozen Foods,Food,2.72,14.2,12.1,1,0,4
PigTail,Vegetables,Frozen Foods,Food,3.7,12.7,11.6,1,0,9
Imagine,Vegetables,Frozen Foods,Food,1.91,21.0,19.0,1,1,8
Carrington,Vegetables,Frozen Foods,Food,2.71,21.8,19.7,1,1,3
PigTail,Vegetables,Frozen Foods,Food,1.27,10.2,8.19,1,1,17
Golden,Vegetables,Frozen Foods,Food,3.72,6.16,4.15,1,0,21
Carrington,Vegetables,Frozen Foods,Food,1.52,9.89,7.89,1,0,19
Imagine,Vegetables,Frozen Foods,Food,3.92,15.2,12.1,1,1,20
Carrington,Vegetables,Frozen Foods,Food,0.63,17.2,15.2,1,0,26
Big Time,Vegetables,Frozen Foods,Food,3.16,13.2,11.1,1,0,15
Golden,Vegetables,Frozen Foods,Food,1.81,19.9,18.8,0,0,25
Golden,Vegetables,Frozen Foods,Food,1.46,8.58,5.57,1,0,29
PigTail,Vegetables,Frozen Foods,Food,1.66,9.84,7.84,1,1,32
Carrington,Vegetables,Frozen Foods,Food,1.48,9.18,8.18,0,0,1
PigTail,Vegetables,Frozen Foods,Food,1.57,7.77,5.76,0,1,26
Golden,Vegetables,Frozen Foods,Food,2.96,14.6,11.6,1,1,36
Big Time,Vegetables,Frozen Foods,Food,1.64,20.7,18.7,0,0,1
Imagine,Vegetables,Frozen Foods,Food,1.72,9.39,7.39,1,1,30
Cormorant,Plastic Products,Household,Non-Consumable,2.98,15.6,13.6,1,0,6
Denny,Plastic Products,Household,Non-Consumable,0.7,14.0,12.0,0,0,3
Red Wing,Plastic Products,Household,Non-Consumable,3.46,16.5,15.5,1,0,17
Sunset,Plastic Products,Household,Non-Consumable,2.57,13.1,11.1,0,0,24
Sunset,Plastic Products,Household,Non-Consumable,2.59,19.0,17.0,0,0,7
Cormorant,Plastic Products,Household,Non-Consumable,2.68,17.1,16.1,1,0,19
Cormorant,Plastic Products,Household,Non-Consumable,1.47,20.7,18.7,0,0,29
Denny,Plastic Products,Household,Non-Consumable,2.43,6.83,4.82,1,0,18
High Quality,Plastic Products,Household,Non-Consumable,3.45,7.86,5.86,1,0,32
Red Wing,Plastic Products,Household,Non-Consumable,2.59,20.1,18.1,0,0,9
High Quality,Plastic Products,Household,Non-Consumable,1.95,20.2,18.2,1,0,28
High Quality,Plastic Products,Household,Non-Consumable,2.64,18.4,16.3,0,0,18
Denny,Plastic Products,Household,Non-Consumable,3.89,7.74,4.73,0,0,6
Red Wing,Plastic Products,Household,Non-Consumable,3.75,11.0,9.0,0,0,31
Sunset,Plastic Products,Household,Non-Consumable,1.13,21.7,19.7,1,0,5
Fort West,Snack Foods,Snack Foods,Food,0.66,11.2,9.19,1,0,9
Fast,Snack Foods,Snack Foods,Food,2.31,9.02,7.02,1,0,15
Horatio,Snack Foods,Snack Foods,Food,2.31,7.04,5.03,0,0,3
Fast,Snack Foods,Snack Foods,Food,2.95,16.1,14.1,1,0,12
Fast,Snack Foods,Snack Foods,Food,2.78,14.7,12.6,0,0,30
Nationeel,Snack Foods,Snack Foods,Food,2.41,10.2,8.19,0,1,25
Horatio,Snack Foods,Snack Foods,Food,3.18,12.0,9.0,0,1,31
Best Choice,Snack Foods,Snack Foods,Food,2.46,18.6,16.6,1,0,1
Fort West,Snack Foods,Snack Foods,Food,1.93,10.5,9.5,1,1,34
Best Choice,Snack Foods,Snack Foods,Food,2.63,16.1,15.1,0,0,16
Horatio,Snack Foods,Snack Foods,Food,2.65,21.8,20.7,1,0,7
Fort West,Snack Foods,Snack Foods,Food,0.6,19.9,17.8,1,0,24
Fort West,Snack Foods,Snack Foods,Food,1.5,8.76,6.76,1,0,6
Best Choice,Snack Foods,Snack Foods,Food,1.81,10.8,8.8,0,1,7
Nationeel,Snack Foods,Snack Foods,Food,1.6,10.9,7.89,1,0,11
Best Choice,Snack Foods,Snack Foods,Food,3.55,11.5,8.5,0,0,35
Horatio,Snack Foods,Snack Foods,Food,2.27,19.6,17.6,0,0,6
Fast,Snack Foods,Snack Foods,Food,1.64,8.05,6.05,0,0,30
Nationeel,Snack Foods,Snack Foods,Food,2.22,6.98,5.98,0,0,5
Nationeel,Snack Foods,Snack Foods,Food,2.22,11.7,8.69,1,0,9
Red Wing,Kitchen Products,Household,Non-Consumable,0.73,14.0,12.0,0,0,24
Sunset,Kitchen Products,Household,Non-Consumable,1.9,17.4,15.3,1,0,19
Denny,Kitchen Products,Household,Non-Consumable,2.85,13.8,10.8,1,0,6
High Quality,Kitchen Products,Household,Non-Consumable,0.72,20.9,18.8,1,0,11
Cormorant,Kitchen Products,Household,Non-Consumable,0.52,8.17,7.17,1,0,1
Booker,Dairy,Dairy,Food,1.72,6.75,4.75,1,1,13
Even Better,Dairy,Dairy,Food,0.82,20.3,18.2,0,0,34
Carlson,Dairy,Dairy,Food,2.36,8.79,5.78,1,0,33
Even Better,Dairy,Dairy,Food,2.88,12.3,9.3,0,0,5
Gorilla,Dairy,Dairy,Food,0.89,14.5,12.5,0,1,19
Booker,Dairy,Dairy,Food,1.44,8.25,5.25,0,1,22
Carlson,Dairy,Dairy,Food,0.81,12.2,11.1,0,0,17
Club,Dairy,Dairy,Food,0.53,13.6,11.6,0,0,9
Club,Dairy,Dairy,Food,2.93,10.7,9.69,0,1,26
Gorilla,Dairy,Dairy,Food,2.66,21.2,20.2,1,0,5
Gauss,Magazines,Periodicals,Non-Consumable,3.61,15.6,13.6,0,0,29
Mighty Good,Magazines,Periodicals,Non-Consumable,1.52,6.5,4.5,0,0,16
Dollar,Magazines,Periodicals,Non-Consumable,2.15,16.4,14.3,1,0,14
Excel,Magazines,Periodicals,Non-Consumable,0.77,12.4,9.39,1,0,28
Robust,Magazines,Periodicals,Non-Consumable,1.26,10.4,8.39,0,0,23
CDR,Baking Goods,Baking Goods,Food,2.38,16.1,14.1,1,0,14
Plato,Baking Goods,Baking Goods,Food,2.26,15.7,14.6,1,0,35
Landslide,Baking Goods,Baking Goods,Food,1.82,21.1,20.1,1,0,20
Super,Baking Goods,Baking Goods,Food,3.45,13.7,11.6,1,0,26
CDR,Baking Goods,Baking Goods,Food,1.16,15.3,13.3,0,0,32
Landslide,Baking Goods,Baking Goods,Food,2.59,11.3,9.3,0,1,2
Super,Baking Goods,Baking Goods,Food,2.83,17.7,15.7,0,1,34
BBB Best,Baking Goods,Baking Goods,Food,0.63,7.72,5.71,0,1,36
Plato,Baking Goods,Baking Goods,Food,1.47,14.8,13.8,1,1,3
Plato,Baking Goods,Baking Goods,Food,3.32,16.5,13.5,1,1,2
Landslide,Baking Goods,Baking Goods,Food,0.82,15.1,13.1,1,0,30
Super,Baking Goods,Baking Goods,Food,2.94,16.8,14.7,1,0,5
BBB Best,Baking Goods,Baking Goods,Food,0.76,11.4,9.39,0,1,4
CDR,Baking Goods,Baking Goods,Food,1.52,17.9,16.8,0,0,19
BBB Best,Baking Goods,Baking Goods,Food,0.53,12.8,11.8,1,0,28
Hilltop,Pain Relievers,Health and Hygiene,Non-Consumable,2.89,18.9,17.8,1,0,23
Consolidated,Pain Relievers,Health and Hygiene,Non-Consumable,1.83,13.6,11.6,1,0,15
Bird Call,Pain Relievers,Health and Hygiene,Non-Consumable,3.18,20.5,17.5,1,0,25
Faux Products,Pain Relievers,Health and Hygiene,Non-Consumable,2.32,11.1,9.1,0,0,31
Steady,Pain Relievers,Health and Hygiene,Non-Consumable,1.53,6.32,4.32,0,0,33
Carlson,Dairy,Dairy,Food,2.25,9.77,8.77,0,0,8
Club,Dairy,Dairy,Food,1.67,17.7,15.7,1,0,33
Even Better,Dairy,Dairy,Food,1.27,19.7,17.7,0,0,20
Gorilla,Dairy,Dairy,Food,2.96,8.58,6.57,1,0,16
Carlson,Dairy,Dairy,Food,2.36,19.6,16.6,1,0,32
Even Better,Dairy,Dairy,Food,3.95,15.9,13.8,1,1,7
Booker,Dairy,Dairy,Food,0.67,7.43,4.42,0,1,13
Gorilla,Dairy,Dairy,Food,1.57,8.79,6.78,0,0,21
Booker,Dairy,Dairy,Food,3.33,18.5,15.5,0,0,24
Club,Dairy,Dairy,Food,3.5,14.3,12.3,1,0,20
Just Right,Canned Oysters,Canned Foods,Food,1.34,14.8,12.8,0,1,36
Bravo,Canned Oysters,Canned Foods,Food,2.12,19.8,18.7,0,1,2
Pleasant,Canned Oysters,Canned Foods,Food,2.43,8.46,7.46,0,0,30
Blue Label,Canned Oysters,Canned Foods,Food,2.21,18.2,16.2,0,1,23
Better,Canned Oysters,Canned Foods,Food,2.12,15.6,12.6,0,0,30
Akron,Hardware,Checkout,Non-Consumable,1.76,11.4,10.3,1,0,19
Framton,Hardware,Checkout,Non-Consumable,3.21,19.8,17.7,1,0,21
Black Tie,Hardware,Checkout,Non-Consumable,0.67,10.6,8.6,0,0,8
Queen,Hardware,Checkout,Non-Consumable,0.89,8.61,5.6,1,0,29
James Bay,Hardware,Checkout,Non-Consumable,3.78,18.3,16.2,0,0,29
High Quality,Paper Products,Household,Non-Consumable,1.64,7.63,4.63,0,0,18
Red Wing,Paper Products,Household,Non-Consumable,1.78,13.4,11.3,1,0,25
Red Wing,Paper Products,Household,Non-Consumable,3.37,18.9,17.8,0,0,18
High Quality,Paper Products,Household,Non-Consumable,3.68,19.9,17.8,0,0,8
Denny,Paper Products,Household,Non-Consumable,1.79,21.1,19.1,0,0,16
Sunset,Paper Products,Household,Non-Consumable,2.63,13.6,11.6,1,0,12
Cormorant,Paper Products,Household,Non-Consumable,3.7,21.8,18.7,0,0,36
Sunset,Paper Products,Household,Non-Consumable,1.75,13.2,11.1,1,0,9
Cormorant,Paper Products,Household,Non-Consumable,1.7,18.1,16.1,0,0,4
Denny,Paper Products,Household,Non-Consumable,1.82,6.03,4.03,0,0,4
Even Better,Dairy,Dairy,Food,2.69,7.42,5.42,1,0,33
Booker,Dairy,Dairy,Food,3.22,21.7,19.7,0,1,5
Gorilla,Dairy,Dairy,Food,0.68,9.71,7.71,1,1,18
Club,Dairy,Dairy,Food,3.82,14.1,11.1,0,1,32
Club,Dairy,Dairy,Food,0.74,13.4,11.3,0,1,22
Even Better,Dairy,Dairy,Food,2.71,17.1,15.1,1,1,26
Carlson,Dairy,Dairy,Food,2.76,11.9,10.8,1,1,19
Booker,Dairy,Dairy,Food,3.98,20.9,18.8,0,0,12
Carlson,Dairy,Dairy,Food,3.98,14.8,12.8,0,0,30
Gorilla,Dairy,Dairy,Food,2.16,8.58,5.57,1,0,20
Tell Tale,Packaged Vegetables,Produce,Food,1.67,18.1,16.1,0,0,30
High Top,Packaged Vegetables,Produce,Food,3.36,11.6,8.6,1,1,21
Ebony,Packaged Vegetables,Produce,Food,2.29,17.3,15.2,1,1,4
Tri-State,Packaged Vegetables,Produce,Food,1.66,13.6,11.6,0,0,23
Hermanos,Packaged Vegetables,Produce,Food,2.17,6.96,3.96,1,1,15
Super,Hot Beverages,Beverages,Drink,1.86,9.85,7.85,0,1,28
BBB Best,Hot Beverages,Beverages,Drink,2.63,14.5,11.5,1,1,19
Landslide,Hot Beverages,Beverages,Drink,0.64,10.4,8.39,0,1,28
CDR,Hot Beverages,Beverages,Drink,2.78,8.77,7.77,0,1,14
Plato,Hot Beverages,Beverages,Drink,0.59,17.3,16.2,0,1,23
Hilltop,Bathroom Products,Health and Hygiene,Non-Consumable,1.49,13.1,10.1,0,0,9
Faux Products,Bathroom Products,Health and Hygiene,Non-Consumable,2.29,19.7,17.7,1,0,8
Bird Call,Bathroom Products,Health and Hygiene,Non-Consumable,0.52,13.4,11.3,0,0,20
Steady,Bathroom Products,Health and Hygiene,Non-Consumable,1.45,9.65,7.64,1,0,14
Consolidated,Bathroom Products,Health and Hygiene,Non-Consumable,1.47,6.51,4.51,0,0,13
Excel,Magazines,Periodicals,Non-Consumable,2.13,7.1,5.09,1,0,13
Dollar,Magazines,Periodicals,Non-Consumable,2.85,14.1,12.1,1,0,33
Robust,Magazines,Periodicals,Non-Consumable,3.2,9.56,8.56,0,0,23
Gauss,Magazines,Periodicals,Non-Consumable,0.83,15.7,13.6,1,0,17
Mighty Good,Magazines,Periodicals,Non-Consumable,1.64,18.3,17.2,1,0,6
Cormorant,Bathroom Products,Household,Non-Consumable,2.34,9.02,7.02,1,0,36
Red Wing,Bathroom Products,Household,Non-Consumable,0.83,9.93,7.93,0,0,17
Sunset,Bathroom Products,Household,Non-Consumable,0.53,7.18,6.17,0,0,25
Denny,Bathroom Products,Household,Non-Consumable,2.13,9.18,7.18,0,0,3
High Quality,Bathroom Products,Household,Non-Consumable,1.39,21.7,18.7,1,0,11
Queen,Miscellaneous,Checkout,Non-Consumable,2.82,13.6,11.6,1,0,6
Framton,Miscellaneous,Checkout,Non-Consumable,2.3,20.7,19.7,1,0,8
James Bay,Miscellaneous,Checkout,Non-Consumable,1.72,10.1,7.1,1,0,28
Akron,Miscellaneous,Checkout,Non-Consumable,1.74,8.24,6.23,0,0,18
Black Tie,Miscellaneous,Checkout,Non-Consumable,1.57,8.78,7.77,1,0,1
Gauss,Magazines,Periodicals,Non-Consumable,2.78,16.1,15.1,1,0,14
Dollar,Magazines,Periodicals,Non-Consumable,2.91,10.8,8.8,0,0,6
Robust,Magazines,Periodicals,Non-Consumable,0.6,14.4,13.3,0,0,6
Excel,Magazines,Periodicals,Non-Consumable,3.62,19.7,18.7,1,0,12
Mighty Good,Magazines,Periodicals,Non-Consumable,1.85,13.7,10.6,0,0,6
Golden,Breakfast Foods,Frozen Foods,Food,2.36,8.83,6.82,1,1,29
Imagine,Breakfast Foods,Frozen Foods,Food,2.26,14.8,11.8,1,0,20
Big Time,Breakfast Foods,Frozen Foods,Food,1.26,19.8,18.7,0,1,8
PigTail,Breakfast Foods,Frozen Foods,Food,0.58,13.9,11.8,1,0,14
Carrington,Breakfast Foods,Frozen Foods,Food,2.47,14.5,13.5,0,1,23
Toretti,Specialty,Carousel,Non-Consumable,1.21,18.9,15.8,0,0,26
Prelude,Specialty,Carousel,Non-Consumable,2.3,21.5,19.5,1,0,29
Symphony,Specialty,Carousel,Non-Consumable,1.6,17.4,15.3,1,0,36
ADJ,Specialty,Carousel,Non-Consumable,2.76,19.6,18.6,1,0,26
King,Specialty,Carousel,Non-Consumable,0.99,11.7,10.6,1,0,25
